product_id,category,region,store_type,year,month,avg_unit_price,units_sold,returns,discount_pct,promo_active,customer_rating,competitor_price_index,marketing_spend,monthly_revenue
P1001,smartphones,Tashkent,offline,2023,1,581.95,298,21,28.5,True,4.6,0.86,5743.41,124478.76
P1002,smartphones,Tashkent,offline,2023,2,562.49,291,16,19.4,True,4.5,1.13,3337.52,124675.91
P1003,smartphones,Tashkent,both,2023,3,502.26,361,14,4.8,False,4.4,1.15,10194.22,165918.58
P1004,smartphones,Tashkent,both,2023,4,577.21,408,21,1.9,False,4.4,1.14,13449.78,219136.04
P1005,smartphones,Tashkent,both,2023,5,469.8,449,16,1.1,False,4.5,0.89,7736.95,217280.6
P1006,smartphones,Tashkent,offline,2023,6,535.04,250,19,1.3,,4.4,1.08,7563.84,121987.51
P1007,smartphones,Tashkent,online,2023,7,559.64,229,13,4.9,False,3.9,1.14,8530.17,114959.01
P1008,smartphones,Tashkent,online,2023,8,516.75,326,23,33.9,True,4.1,0.96,9994.14,103496.24
P1009,smartphones,Tashkent,offline,2023,9,537.65,265,14,1.2,False,4.3,,6263.87,133330.75
P1010,smartphones,Tashkent,online,2023,10,512.34,289,7,0.2,False,4.7,1.07,9998.14,144190.92
P1011,smartphones,Tashkent,offline,2023,11,548.02,340,24,34.4,True,4.8,1.09,9729.65,113602.35
P1012,smartphones,Tashkent,online,2023,12,568.27,220,16,2.3,False,4.3,1.16,4476.11,113260.76
P1013,smartphones,Tashkent,offline,2024,1,494.92,453,25,27.8,True,4.6,1.04,14958.0,152938.2
P1014,smartphones,Tashkent,offline,2024,2,601.68,304,21,32.6,True,4.7,0.96,4293.92,114765.65
P1015,smartphones,Tashkent,both,2024,3,553.6,300,19,0.3,,4.3,1.02,8800.28,155094.92
P1016,smartphones,Tashkent,online,2024,4,529.47,274,17,2.7,False,4.1,0.92,5614.83,142991.78
P1017,smartphones,Tashkent,both,2024,5,535.12,385,12,0.6,False,4.1,0.93,6842.59,214274.33
P1018,smartphones,Tashkent,online,2024,6,616.61,241,5,4.3,False,,0.93,8936.79,150403.61
P1019,smartphones,Tashkent,online,2024,7,507.51,474,32,30.7,True,4.3,1.0,10924.95,155453.36
P1020,smartphones,Tashkent,offline,2024,8,608.91,300,13,0.5,False,4.4,0.97,13097.72,173883.38
P1021,smartphones,Tashkent,online,2024,9,515.78,360,27,20.0,,3.7,1.04,4277.21,137403.79
P1022,smartphones,Tashkent,both,2024,10,543.18,512,15,4.2,,4.5,1.02,9128.86,258622.12
P1023,smartphones,Tashkent,offline,2024,11,519.5,339,16,30.7,True,3.6,1.2,9394.81,116284.36
P1024,smartphones,Tashkent,both,2024,12,518.9,472,30,25.8,True,4.7,0.87,13483.05,183794.96
P1025,smartphones,Tashkent,offline,2023,1,629.97,216,6,0.4,False,3.9,0.93,3700.27,142305.69
P1026,smartphones,Tashkent,both,2023,2,482.01,553,28,26.7,True,4.0,1.18,8597.77,185489.5
P1027,smartphones,Tashkent,both,2023,3,485.43,492,32,21.3,True,4.6,1.2,19050.59,175735.37
P1028,smartphones,Tashkent,online,2023,4,588.84,331,13,32.6,True,4.4,0.91,13648.24,136303.83
P1029,smartphones,Tashkent,both,2023,5,514.85,516,35,0.0,False,4.2,1.18,7453.82,247642.85
P1030,smartphones,Tashkent,online,2023,6,546.0,379,12,29.4,True,4.7,1.07,7416.31,141469.69
P1031,smartphones,Tashkent,offline,2023,7,503.26,328,12,2.1,False,4.8,1.07,5895.83,155690.53
P1032,smartphones,Tashkent,both,2023,8,481.65,382,27,0.4,,4.3,1.17,9702.81,170301.81
P1033,smartphones,Tashkent,both,2023,9,510.21,315,23,1.5,,4.5,1.16,5240.08,146746.6
P1034,smartphones,Tashkent,online,2023,10,507.07,449,13,27.4,True,3.7,1.18,16364.41,160505.91
P1035,smartphones,Tashkent,both,2023,11,457.83,491,19,3.7,False,4.8,1.15,15431.01,208100.22
P1036,smartphones,Tashkent,online,2023,12,618.64,220,7,4.3,False,4.1,1.14,6480.87,126104.2
P1037,smartphones,Tashkent,online,2024,1,516.26,240,9,1.0,False,4.8,0.95,7246.92,118063.5
P1038,smartphones,Tashkent,offline,2024,2,610.38,277,21,0.6,False,3.7,0.91,13145.95,167745.32
P1039,smartphones,Tashkent,online,2024,3,518.34,365,18,27.1,True,4.0,0.94,11829.76,141610.51
P1040,smartphones,Tashkent,online,2024,4,581.13,294,17,3.7,False,4.6,0.98,4134.36,155017.01
P1041,smartphones,Tashkent,offline,2024,5,610.07,241,9,3.6,False,4.2,0.99,5548.69,136440.94
P1042,smartphones,Tashkent,online,2024,6,557.76,364,20,4.5,False,4.6,0.96,10735.18,183235.32
P1043,smartphones,Tashkent,online,2024,7,556.65,359,16,24.3,True,4.4,1.17,13541.28,144534.73
P1044,smartphones,Tashkent,online,2024,8,516.91,380,24,31.4,True,4.6,1.09,6576.03,126237.69
P1045,smartphones,Tashkent,online,2024,9,589.85,315,14,16.5,True,4.2,1.09,9227.45,148249.95
P1046,smartphones,Tashkent,online,2024,10,609.55,202,5,3.9,False,4.2,1.0,3761.99,115398.18
P1047,smartphones,Tashkent,both,2024,11,529.27,292,13,4.2,False,4.4,1.2,8612.45,141464.34
P1048,smartphones,Tashkent,both,2024,12,545.32,427,29,2.5,False,3.9,1.04,17192.02,211611.43
P1049,smartphones,Samarkand,both,2023,1,516.81,342,22,3.2,False,3.9,0.95,4356.69,160087.07
P1050,smartphones,Samarkand,online,2023,2,507.11,333,20,19.6,True,4.2,1.1,4028.12,127615.25
P1051,smartphones,Samarkand,offline,2023,3,532.8,258,19,2.1,False,3.9,1.15,9063.68,124665.08
P1052,smartphones,Samarkand,offline,2023,4,586.95,327,14,34.1,True,4.1,1.11,10127.89,121068.42
P1053,smartphones,Samarkand,offline,2023,5,504.73,292,17,21.7,True,4.2,1.01,4076.22,108680.99
P1054,smartphones,Samarkand,offline,2023,6,495.41,331,9,27.9,,4.4,1.01,3774.36,115015.38
P1055,smartphones,Samarkand,offline,2023,7,536.2,322,22,30.0,True,4.3,0.86,9041.18,121610.16
P1056,smartphones,Samarkand,both,2023,8,549.35,436,28,3.3,False,4.4,1.18,7655.34,216738.35
P1057,smartphones,Samarkand,online,2023,9,564.09,293,18,19.4,True,4.3,1.06,10722.52,125030.55
P1058,smartphones,Samarkand,online,2023,10,495.49,368,14,0.1,False,4.1,1.09,14129.62,175228.06
P1059,smartphones,Samarkand,offline,2023,11,602.55,202,5,3.1,False,4.4,1.06,3318.36,115022.58
P1060,smartphones,Samarkand,both,2023,12,531.19,363,18,1.9,False,3.7,0.97,13685.45,179778.6
P1061,smartphones,Samarkand,both,2024,1,490.27,669,30,29.1,True,4.2,0.94,22464.72,239886.69
P1062,smartphones,Samarkand,offline,2024,2,591.33,261,18,1.3,False,3.5,1.14,3889.26,141825.18
P1063,smartphones,Samarkand,both,2024,3,488.39,512,36,15.6,True,4.4,1.13,10107.33,196207.75
P1064,smartphones,Samarkand,both,2024,4,490.07,346,8,4.7,False,4.5,1.1,8362.0,157858.41
P1065,smartphones,Samarkand,both,2024,5,519.4,435,11,4.0,False,4.4,0.96,12402.55,211416.58
P1066,smartphones,Samarkand,offline,2024,6,593.55,259,16,1.7,False,4.8,0.94,5393.48,153123.15
P1067,smartphones,Samarkand,online,2024,7,587.25,289,9,18.7,True,,1.19,8736.64,133681.59
P1068,smartphones,Samarkand,online,2024,8,519.81,299,15,15.3,True,4.3,0.95,12194.15,125039.26
P1069,smartphones,Samarkand,offline,2024,9,620.7,211,15,2.5,False,4.0,1.0,4068.1,118615.77
P1070,smartphones,Samarkand,online,2024,10,595.31,284,6,2.0,False,4.1,1.07,3925.18,162186.26
P1071,smartphones,Samarkand,online,2024,11,623.03,254,16,0.6,False,3.9,0.93,8126.81,159182.77
P1072,smartphones,Samarkand,offline,2024,12,601.07,330,18,1.5,False,4.0,1.06,12775.0,184720.83
P1073,smartphones,Samarkand,both,2023,1,484.9,434,10,18.5,True,4.6,1.06,7886.6,167562.04
P1074,smartphones,Samarkand,online,2023,2,544.18,323,24,3.4,False,4.3,1.13,10107.39,157177.69
P1075,smartphones,Samarkand,offline,2023,3,570.77,259,19,3.2,False,4.4,0.91,5685.03,143209.39
P1076,smartphones,Samarkand,both,2023,4,501.76,349,21,3.4,False,4.2,1.18,8760.67,158981.65
P1077,smartphones,Samarkand,offline,2023,5,547.11,253,6,20.0,True,4.9,1.05,10664.78,108108.94
P1078,smartphones,Samarkand,both,2023,6,493.81,344,16,3.8,False,4.2,1.08,12734.25,155814.83
P1079,smartphones,Samarkand,online,2023,7,551.41,311,12,0.5,False,4.1,1.15,6823.22,164047.23
P1080,smartphones,Samarkand,offline,2023,8,519.84,457,17,24.1,True,4.7,0.96,18580.36,173605.77
P1081,smartphones,Samarkand,offline,2023,9,559.1,351,15,2.7,False,4.4,1.11,11288.85,182785.44
P1082,smartphones,Samarkand,both,2023,10,484.38,551,15,29.0,True,4.6,1.19,15088.1,184335.65
P1083,smartphones,Samarkand,online,2023,11,489.62,386,28,34.8,True,4.2,1.14,9431.24,114285.14
P1084,smartphones,Samarkand,both,2023,12,579.94,345,11,4.9,False,4.3,1.04,8606.44,184208.66
P1085,smartphones,Samarkand,both,2024,1,542.75,491,33,1.4,False,3.7,1.03,18449.91,245099.39
P1086,smartphones,Samarkand,online,2024,2,525.96,409,21,18.0,True,4.7,0.97,11425.98,167339.43
P1087,smartphones,Samarkand,offline,2024,3,534.61,242,13,3.5,False,4.4,0.87,8368.31,127592.05
P1088,smartphones,Samarkand,both,2024,4,554.16,372,29,4.1,False,4.8,1.02,4580.84,182283.73
P1089,smartphones,Samarkand,offline,2024,5,587.84,332,17,2.2,False,3.8,0.99,11570.6,181095.87
P1090,smartphones,Samarkand,online,2024,6,520.02,369,21,3.5,False,4.4,1.15,13650.96,174633.12
P1091,smartphones,Samarkand,both,2024,7,564.64,355,25,3.8,False,4.4,1.07,15084.8,179250.61
P1092,smartphones,Samarkand,both,2024,8,490.65,384,27,3.2,False,4.3,1.01,11613.58,169556.86
P1093,smartphones,Samarkand,both,2024,9,465.35,602,31,17.9,,3.8,0.91,6930.15,235604.04
P1094,smartphones,Samarkand,both,2024,10,590.67,337,16,0.7,False,4.1,0.94,7030.57,203340.06
P1095,smartphones,Samarkand,online,2024,11,559.66,357,16,0.8,False,4.1,1.07,9082.55,189317.31
P1096,smartphones,Samarkand,online,2024,12,558.47,236,8,2.4,False,4.6,1.05,7181.55,124275.21
P1097,smartphones,Bukhara,both,2023,1,437.55,676,41,26.3,True,4.3,1.06,14731.11,204771.21
P1098,smartphones,Bukhara,both,2023,2,459.45,617,35,27.7,True,4.2,1.09,17931.77,193330.13
P1099,smartphones,Bukhara,offline,2023,3,602.18,292,11,3.2,False,3.9,1.11,4467.66,163797.78
P1100,smartphones,Bukhara,online,2023,4,530.79,231,18,2.7,False,4.4,1.04,9172.54,110005.7
P1101,smartphones,Bukhara,both,2023,5,501.9,619,24,29.9,True,4.9,0.9,24229.63,226087.18
P1102,smartphones,Bukhara,both,2023,6,546.43,515,21,4.0,False,4.8,1.13,5863.24,259138.96
P1103,smartphones,Bukhara,offline,2023,7,574.29,300,20,2.9,False,4.4,0.93,3704.43,168629.01
P1104,smartphones,Bukhara,both,2023,8,475.77,499,34,0.3,False,4.2,1.17,9052.75,220569.35
P1105,smartphones,Bukhara,offline,2023,9,518.3,440,32,16.9,True,4.5,1.08,14729.52,175728.58
P1106,smartphones,Bukhara,both,2023,10,478.88,458,11,2.1,False,4.5,1.02,9757.19,209564.11
P1107,smartphones,Bukhara,both,2023,11,555.72,476,12,32.1,,4.2,1.19,10983.1,175082.92
P1108,smartphones,Bukhara,offline,2023,12,555.24,280,16,28.3,True,4.0,1.06,3308.57,105100.27
P1109,smartphones,Bukhara,both,2024,1,482.52,405,13,30.3,True,4.4,0.96,5638.52,131836.04
P1110,smartphones,Bukhara,both,2024,2,439.11,614,18,20.0,True,4.9,1.08,5809.31,209367.65
P1111,smartphones,Bukhara,online,2024,3,550.02,242,5,0.9,False,4.3,1.11,6465.54,129181.55
P1112,smartphones,Bukhara,both,2024,4,554.03,306,6,4.7,False,3.9,1.12,12209.59,158397.18
P1113,smartphones,Bukhara,offline,2024,5,495.34,347,15,2.4,False,4.2,1.17,4195.57,160506.01
P1114,smartphones,Bukhara,online,2024,6,551.84,212,11,3.2,False,4.0,0.96,9321.5,107370.41
P1115,smartphones,Bukhara,offline,2024,7,513.26,289,20,3.5,False,4.0,1.1,4880.33,133234.6
P1116,smartphones,Bukhara,offline,2024,8,541.52,317,14,16.9,True,3.9,1.08,7288.43,136350.95
P1117,smartphones,Bukhara,online,2024,9,615.91,213,5,0.5,False,4.3,1.04,7240.04,127468.73
P1118,smartphones,Bukhara,offline,2024,10,561.42,210,13,3.3,False,3.8,1.15,7458.67,106949.95
P1119,smartphones,Bukhara,both,2024,11,547.05,364,21,1.1,False,4.3,1.15,8373.99,185574.13
P1120,smartphones,Bukhara,both,2024,12,545.8,473,32,4.9,False,4.4,1.06,15118.55,228903.61
P1121,smartphones,Bukhara,online,2023,1,518.52,344,21,0.9,False,4.2,0.85,12876.91,179252.59
P1122,smartphones,Bukhara,offline,2023,2,592.97,213,13,0.2,False,4.6,0.93,5707.61,1278253.5
P1123,smartphones,Bukhara,online,2023,3,578.82,326,8,2.8,False,4.5,1.07,11404.39,178910.95
P1124,smartphones,Bukhara,online,2023,4,552.54,285,18,1.4,False,4.4,0.89,7211.49,157099.81
P1125,smartphones,Bukhara,online,2023,5,577.71,285,12,0.2,False,4.3,0.96,5379.69,157399.4
P1126,smartphones,Bukhara,online,2023,6,576.63,322,13,18.5,,4.3,1.1,9286.67,145215.62
P1127,smartphones,Bukhara,both,2023,7,596.15,297,6,0.2,False,4.8,1.05,9632.58,173132.69
P1128,smartphones,Bukhara,both,2023,8,500.32,307,20,1.6,False,4.0,1.07,10739.83,141294.37
P1129,smartphones,Bukhara,both,2023,9,482.63,614,26,25.5,True,4.2,0.97,8916.11,211420.9
P1130,smartphones,Bukhara,offline,2023,10,522.18,365,25,29.5,True,4.6,1.14,6513.82,125166.55
P1131,smartphones,Bukhara,online,2023,11,544.78,404,26,18.5,,3.8,1.12,10329.83,167830.37
P1132,smartphones,Bukhara,both,2023,12,534.1,432,24,4.3,False,4.3,0.9,5559.97,225225.95
P1133,smartphones,Bukhara,offline,2024,1,521.15,235,9,2.5,False,4.2,1.14,3013.24,114835.4
P1134,smartphones,Bukhara,both,2024,2,523.15,427,22,2.3,False,4.3,1.13,16475.23,207002.61
P1135,smartphones,Bukhara,offline,2024,3,536.33,296,8,2.4,False,4.4,1.16,6446.39,150755.93
P1136,smartphones,Bukhara,both,2024,4,522.01,321,14,2.2,False,4.4,1.03,4947.32,156731.41
P1137,smartphones,Bukhara,offline,2024,5,558.4,329,19,30.8,True,4.4,1.09,6806.37,119787.97
P1138,smartphones,Bukhara,both,2024,6,542.02,497,27,1.7,False,4.4,0.9,11041.84,270452.15
P1139,smartphones,Bukhara,both,2024,7,546.27,374,14,4.7,False,3.9,1.13,12300.59,187414.31
P1140,smartphones,Bukhara,both,2024,8,520.77,444,20,3.2,False,4.7,0.98,9654.87,213740.67
P1141,smartphones,Bukhara,online,2024,9,482.63,473,11,17.8,True,4.4,1.12,16004.35,183285.5
P1142,smartphones,Bukhara,both,2024,10,471.93,477,14,22.5,True,4.2,1.14,14917.15,169340.28
P1143,smartphones,Bukhara,both,2024,11,522.16,497,23,19.8,True,4.2,1.01,13505.26,198498.08
P1144,smartphones,Bukhara,online,2024,12,597.32,282,21,1.8,False,4.8,1.19,8034.92,153094.31
P1145,smartphones,Andijan,online,2023,1,609.18,292,19,4.1,False,4.4,1.07,12886.92,159487.59
P1146,smartphones,Andijan,offline,2023,2,497.49,437,15,30.3,True,4.5,1.17,6270.11,146328.72
P1147,smartphones,Andijan,offline,2023,3,568.62,226,4,1.7,False,4.6,0.93,10238.44,134014.68
P1148,smartphones,Andijan,offline,2023,4,530.38,456,12,30.8,True,4.4,0.95,16877.9,162958.19
P1149,smartphones,Andijan,offline,2023,5,478.39,394,13,16.6,True,4.5,1.1,9738.35,152010.34
P1150,smartphones,Andijan,online,2023,6,541.94,317,15,30.9,True,4.0,0.89,12765.88,122140.57
P1151,smartphones,Andijan,offline,2023,7,503.85,349,19,23.6,True,4.3,1.08,4420.15,127030.66
P1152,smartphones,Andijan,both,2023,8,544.85,528,22,26.1,True,4.6,1.01,16725.83,203737.94
P1153,smartphones,Andijan,both,2023,9,518.94,376,21,29.7,True,4.4,0.97,4421.48,129509.26
P1154,smartphones,Andijan,offline,2023,10,608.47,218,13,2.3,False,,1.07,9111.47,121867.41
P1155,smartphones,Andijan,online,2023,11,537.17,280,8,0.2,False,5.0,1.03,11934.45,145818.02
P1156,smartphones,Andijan,offline,2023,12,514.98,397,28,30.6,True,4.5,0.97,5615.85,131879.17
P1157,smartphones,Andijan,offline,2024,1,595.91,311,24,1.9,False,3.9,1.17,9480.74,167776.67
P1158,smartphones,Andijan,both,2024,2,567.06,298,15,4.1,False,4.3,0.96,4191.5,153898.38
P1159,smartphones,Andijan,offline,2024,3,550.0,288,11,3.4,False,4.9,0.97,12654.42,147170.1
P1160,smartphones,Andijan,online,2024,4,492.64,365,-4,3.2,False,4.5,1.13,10926.31,166906.43
P1161,smartphones,Andijan,both,2024,5,441.77,564,37,16.3,True,4.1,1.05,14029.03,194864.31
P1162,smartphones,Andijan,offline,2024,6,597.66,251,12,2.9,False,4.5,0.99,8846.79,138698.36
P1163,smartphones,Andijan,online,2024,7,510.86,426,15,26.2,True,4.3,1.2,8081.47,154953.03
P1164,smartphones,Andijan,both,2024,8,591.85,309,22,2.3,False,4.6,1.01,4620.95,165954.15
P1165,smartphones,Andijan,offline,2024,9,552.71,242,12,0.3,False,4.8,1.1,10117.22,126741.93
P1166,smartphones,Andijan,offline,2024,10,519.55,273,7,1.0,,3.9,1.13,3060.43,136818.3
P1167,smartphones,Andijan,offline,2024,11,555.42,321,8,3.1,False,3.9,1.1,9189.37,168457.22
P1168,smartphones,Andijan,both,2024,12,608.45,297,13,3.2,False,5.0,1.09,7349.62,167270.21
P1169,smartphones,Andijan,both,2023,1,487.74,433,19,4.8,False,4.4,0.89,6162.76,207610.55
P1170,smartphones,Andijan,online,2023,2,532.06,324,23,4.7,False,4.2,1.15,6039.82,152623.01
P1171,smartphones,Andijan,offline,2023,3,555.55,210,10,2.7,False,4.6,0.9,6944.39,116758.83
P1172,smartphones,Andijan,both,2023,4,514.7,482,10,4.1,False,4.9,0.87,14509.83,251616.16
P1173,smartphones,Andijan,offline,2023,5,542.09,315,15,3.2,False,4.1,1.18,8363.18,157422.94
P1174,smartphones,Andijan,both,2023,6,495.72,351,16,0.3,False,4.1,1.02,5609.93,165568.0
P1175,smartphones,Andijan,offline,2023,7,579.27,307,24,4.3,False,4.5,1.05,6961.73,156884.27
P1176,smartphones,Andijan,offline,2023,8,534.58,289,16,22.7,,4.5,0.94,11110.94,121836.83
P1177,smartphones,Andijan,online,2023,9,534.11,301,15,3.8,False,3.9,0.96,3438.9,146950.75
P1178,smartphones,Andijan,both,2023,10,471.99,512,11,1.8,False,4.3,1.02,17626.69,232210.58
P1179,smartphones,Andijan,offline,2023,11,600.04,277,20,2.2,False,4.2,0.98,7319.09,150817.65
P1180,smartphones,Andijan,offline,2023,12,542.21,352,12,30.3,True,3.8,1.2,11608.73,128492.93
P1181,smartphones,Andijan,online,2024,1,596.36,269,20,1.7,False,4.3,1.03,8021.79,145969.25
P1182,smartphones,Andijan,online,2024,2,541.18,336,17,27.1,True,4.1,0.96,10325.42,125851.95
P1183,smartphones,Andijan,online,2024,3,525.69,329,22,1.7,False,3.8,0.95,11924.16,158643.25
P1184,smartphones,Andijan,offline,2024,4,551.34,350,22,4.0,False,4.2,1.09,4167.9,173605.94
P1185,smartphones,Andijan,offline,2024,5,580.92,318,20,2.9,False,4.1,1.07,10563.77,168093.85
P1186,smartphones,Andijan,both,2024,6,533.29,555,11,17.2,True,4.2,0.96,8608.72,240210.88
P1187,smartphones,Andijan,offline,2024,7,597.38,316,20,4.4,False,4.5,0.92,7457.06,182567.74
P1188,smartphones,Andijan,offline,2024,8,533.09,241,9,4.6,False,4.4,0.97,8520.36,117987.74
P1189,smartphones,Andijan,both,2024,9,528.91,446,15,1.0,False,4.1,1.19,8930.2,225680.61
P1190,smartphones,Andijan,online,2024,10,510.12,413,27,33.7,True,4.2,0.95,5754.17,130548.89
P1191,smartphones,Andijan,offline,2024,11,576.79,350,23,4.8,False,4.2,1.1,8232.89,179557.03
P1192,smartphones,Andijan,offline,2024,12,549.05,340,21,33.7,True,4.5,0.9,10629.5,125412.22
P1193,smartphones,Namangan,offline,2023,1,546.89,389,17,16.0,True,4.3,1.12,4320.94,170892.19
P1194,smartphones,Namangan,offline,2023,2,615.79,256,12,4.4,False,4.2,0.92,12270.06,155132.97
P1195,smartphones,Namangan,online,2023,3,495.85,358,18,2.9,False,4.2,1.17,5414.88,163699.92
P1196,smartphones,Namangan,both,2023,4,449.28,674,51,24.9,True,3.6,1.19,22881.4,210205.98
P1197,smartphones,Namangan,both,2023,5,545.46,524,41,20.7,True,4.0,,20311.47,208921.54
P1198,smartphones,Namangan,offline,2023,6,560.06,263,8,20.1,True,4.2,1.11,9934.52,114109.42
P1199,smartphones,Namangan,offline,2023,7,617.07,219,15,4.5,False,4.2,1.08,4201.03,120217.58
P1200,smartphones,Namangan,online,2023,8,542.34,244,15,1.2,False,4.3,1.18,5044.03,122705.51
P1201,smartphones,Namangan,both,2023,9,441.85,575,22,17.4,True,4.0,1.16,15806.18,201827.36
P1202,smartphones,Namangan,online,2023,10,525.95,459,12,19.4,True,4.5,0.9,15658.91,204649.55
P1203,smartphones,Namangan,offline,2023,11,557.04,280,16,2.7,False,4.3,1.11,11290.46,143087.98
P1204,smartphones,Namangan,online,2023,12,502.88,323,7,2.8,False,4.5,1.04,8174.99,154460.6
P1205,smartphones,Namangan,offline,2024,1,508.74,316,17,19.1,True,4.6,1.13,7588.91,123059.63
P1206,smartphones,Namangan,offline,2024,2,576.82,199,12,4.0,False,4.5,0.99,7918.85,103550.73
P1207,smartphones,Namangan,both,2024,3,540.39,290,23,0.3,False,4.4,1.18,3432.66,143851.28
P1208,smartphones,Namangan,offline,2024,4,604.03,315,14,3.2,False,4.3,1.2,8171.84,175995.01
P1209,smartphones,Namangan,both,2024,5,556.74,370,19,3.3,False,4.1,0.91,10760.19,204084.38
P1210,smartphones,Namangan,offline,2024,6,517.21,226,8,0.1,False,4.1,1.09,6156.18,112639.03
P1211,smartphones,Namangan,offline,2024,7,555.57,230,17,1.4,False,4.3,,5769.88,116679.7
P1212,smartphones,Namangan,both,2024,8,526.65,283,6,0.5,False,4.2,1.06,9269.99,145152.64
P1213,smartphones,Namangan,online,2024,9,532.74,271,19,1.1,False,4.6,0.95,9954.08,132773.72
P1214,smartphones,Namangan,both,2024,10,541.51,423,16,1.6,False,4.4,0.9,13654.82,234217.72
P1215,smartphones,Namangan,online,2024,11,629.68,212,15,4.4,False,4.1,1.02,10457.43,118588.89
P1216,smartphones,Namangan,both,2024,12,493.29,468,13,2.1,False,4.1,0.98,15067.05,219733.56
P1217,smartphones,Namangan,offline,2023,1,594.58,239,17,4.0,False,3.6,1.05,3985.4,126716.89
P1218,smartphones,Namangan,online,2023,2,560.61,420,26,16.8,True,4.0,0.92,8501.78,198474.24
P1219,smartphones,Namangan,offline,2023,3,512.8,332,21,3.8,False,4.0,1.15,6806.21,153420.53
P1220,smartphones,Namangan,both,2023,4,422.67,678,33,35.0,True,4.2,0.93,16123.62,191380.75
P1221,smartphones,Namangan,online,2023,5,586.83,296,15,1.9,False,4.2,1.03,8656.71,161766.14
P1222,smartphones,Namangan,online,2023,6,597.83,282,11,4.6,False,4.5,0.99,9061.86,154559.38
P1223,smartphones,Namangan,online,2023,7,556.09,330,9,23.4,True,4.2,1.14,9167.79,136734.75
P1224,smartphones,Namangan,offline,2023,8,609.52,232,13,4.8,False,4.6,1.02,4255.55,127077.61
P1225,smartphones,Namangan,both,2023,9,521.28,587,34,25.8,True,4.4,1.15,23472.99,213894.74
P1226,smartphones,Namangan,offline,2023,10,605.03,257,16,1.2,False,4.3,0.85,7828.12,155587.48
P1227,smartphones,Namangan,offline,2023,11,568.36,299,14,2.4,False,4.7,0.85,8796.94,170742.62
P1228,smartphones,Namangan,online,2023,12,616.23,204,13,3.4,False,4.3,1.17,3321.41,113698.13
P1229,smartphones,Namangan,online,2024,1,589.06,304,13,20.3,True,4.1,1.05,14221.0,136618.92
P1230,smartphones,Namangan,online,2024,2,559.47,348,22,4.3,False,4.5,0.88,8324.37,188508.14
P1231,smartphones,Namangan,offline,2024,3,570.09,242,16,23.7,True,3.8,0.88,7131.18,106169.59
P1232,smartphones,Namangan,online,2024,4,509.08,469,11,15.9,True,4.1,1.17,17658.27,196086.42
P1233,smartphones,Namangan,offline,2024,5,568.1,436,28,26.7,True,4.2,0.88,7368.09,183490.12
P1234,smartphones,Namangan,online,2024,6,608.09,268,17,1.7,False,4.0,0.9,12924.79,162038.74
P1235,smartphones,Namangan,both,2024,7,455.59,513,36,2.2,False,4.0,1.18,10237.34,212535.47
P1236,smartphones,Namangan,both,2024,8,511.65,465,35,22.1,True,4.7,1.0,14461.01,171387.4
P1237,smartphones,Namangan,offline,2024,9,555.7,386,11,16.6,True,4.2,1.11,8365.66,173795.18
P1238,smartphones,Namangan,online,2024,10,523.2,326,10,17.7,True,3.9,1.01,9088.36,136067.58
P1239,smartphones,Namangan,offline,2024,11,562.89,312,13,21.5,True,4.2,0.88,13007.98,142688.23
P1240,smartphones,Namangan,both,2024,12,490.3,417,11,1.9,,4.6,0.96,10138.4,195279.63
P1241,wireless_audio,Tashkent,online,2023,1,96.73,240,8,0.4,False,,1.06,736.69,22351.59
P1242,wireless_audio,Tashkent,online,2023,2,89.5,327,22,3.1,,4.8,0.97,1173.12,26451.28
P1243,wireless_audio,Tashkent,both,2023,3,79.03,472,36,1.6,False,4.5,1.19,2914.18,33905.77
P1244,wireless_audio,Tashkent,online,2023,4,97.01,269,11,1.2,False,4.6,1.14,1137.15,24728.24
P1245,wireless_audio,Tashkent,online,2023,5,95.25,292,15,3.4,False,4.7,1.1,1287.94,25487.19
P1246,wireless_audio,Tashkent,online,2023,6,97.55,337,16,2.0,False,,1.07,1134.86,30687.28
P1247,wireless_audio,Tashkent,offline,2023,7,85.0,321,15,5.0,False,4.1,1.17,1678.1,24709.5
P1248,wireless_audio,Tashkent,offline,2023,8,103.83,256,14,2.7,False,4.6,0.88,1757.96,26404.3
P1249,wireless_audio,Tashkent,offline,2023,9,84.95,310,18,4.9,False,4.0,1.19,1206.84,23589.94
P1250,wireless_audio,Tashkent,online,2023,10,90.17,403,18,26.5,True,4.7,0.99,2410.72,25515.86
P1251,wireless_audio,Tashkent,offline,2023,11,86.47,269,12,0.5,False,4.5,1.18,662.93,22111.68
P1252,wireless_audio,Tashkent,online,2023,12,95.49,264,12,2.4,False,,1.09,986.56,23485.96
P1253,wireless_audio,Tashkent,online,2024,1,103.21,251,15,3.2,False,4.8,0.94,789.27,25464.37
P1254,wireless_audio,Tashkent,online,2024,2,82.92,425,13,2.0,False,5.0,1.07,1618.55,33479.78
P1255,wireless_audio,Tashkent,online,2024,3,96.86,278,17,1.9,False,4.5,1.13,639.62,24800.13
P1256,wireless_audio,Tashkent,online,2024,4,91.64,281,10,2.3,False,4.9,1.15,1330.36,24263.25
P1257,wireless_audio,Tashkent,offline,2024,5,92.77,355,25,1.7,False,4.0,1.1,1246.42,30093.66
P1258,wireless_audio,Tashkent,offline,2024,6,88.71,333,20,18.7,True,4.0,1.03,1332.11,22573.94
P1259,wireless_audio,Tashkent,online,2024,7,96.74,296,17,3.5,False,4.8,1.02,813.74,26045.79
P1260,wireless_audio,Tashkent,online,2024,8,92.72,272,7,0.0,False,4.4,1.14,1962.85,24570.8
P1261,wireless_audio,Tashkent,offline,2024,9,87.59,396,19,4.2,False,4.5,1.12,1301.59,31634.53
P1262,wireless_audio,Tashkent,online,2024,10,92.83,307,20,3.7,False,4.4,1.04,763.56,25656.45
P1263,wireless_audio,Tashkent,online,2024,11,83.26,466,10,4.1,False,4.3,1.2,1014.4,36409.93
P1264,wireless_audio,Tashkent,both,2024,12,93.07,484,19,2.2,False,4.0,1.14,2087.62,42325.44
P1265,wireless_audio,Tashkent,both,2023,1,100.15,294,12,2.9,False,4.3,0.91,834.86,29617.13
P1266,wireless_audio,Tashkent,online,2023,2,92.59,244,9,25.8,True,4.0,1.1,844.04,16144.92
P1267,wireless_audio,Tashkent,online,2023,3,95.19,341,26,0.5,False,4.5,,2337.85,29834.93
P1268,wireless_audio,Tashkent,online,2023,4,101.67,230,15,4.1,False,3.7,1.09,1154.42,20962.83
P1269,wireless_audio,Tashkent,offline,2023,5,95.4,321,8,32.6,True,4.2,1.18,1290.6,20125.77
P1270,wireless_audio,Tashkent,both,2023,6,100.42,276,17,3.7,False,4.4,1.01,1658.76,25046.46
P1271,wireless_audio,Tashkent,offline,2023,7,89.95,354,12,19.2,True,4.5,1.05,1718.48,24856.42
P1272,wireless_audio,Tashkent,offline,2023,8,85.03,310,20,0.5,False,4.2,1.01,723.67,24535.41
P1273,wireless_audio,Tashkent,both,2023,9,102.92,294,18,1.0,False,4.7,,2298.54,30371.61
P1274,wireless_audio,Tashkent,online,2023,10,93.46,262,7,4.5,False,4.7,0.99,938.58,22759.85
P1275,wireless_audio,Tashkent,offline,2023,11,78.69,429,11,24.5,True,4.5,0.85,2084.08,26820.48
P1276,wireless_audio,Tashkent,both,2023,12,81.17,425,18,0.4,False,4.8,1.11,901.95,32904.05
P1277,wireless_audio,Tashkent,online,2024,1,101.48,256,7,3.8,False,4.6,1.04,532.79,24308.32
P1278,wireless_audio,Tashkent,offline,2024,2,93.41,357,15,0.8,False,4.4,1.09,2387.6,31690.65
P1279,wireless_audio,Tashkent,online,2024,3,81.31,511,19,34.3,True,4.6,0.88,2210.59,28385.61
P1280,wireless_audio,Tashkent,offline,2024,4,93.23,382,22,4.2,False,4.6,0.96,1818.62,32153.16
P1281,wireless_audio,Tashkent,offline,2024,5,85.98,292,22,4.5,False,4.3,1.02,1396.8,22169.94
P1282,wireless_audio,Tashkent,offline,2024,6,94.51,438,31,0.7,False,4.4,1.05,1735.49,38196.31
P1283,wireless_audio,Tashkent,offline,2024,7,91.61,439,10,0.1,False,4.4,0.87,2708.9,42402.3
P1284,wireless_audio,Tashkent,offline,2024,8,89.84,351,8,3.5,False,4.5,1.04,1796.26,29736.59
P1285,wireless_audio,Tashkent,online,2024,9,84.57,380,19,4.0,False,4.1,1.14,1955.94,29308.58
P1286,wireless_audio,Tashkent,online,2024,10,93.04,437,11,0.3,False,4.7,1.0,1919.17,39516.13
P1287,wireless_audio,Tashkent,offline,2024,11,92.0,422,26,0.6,False,4.3,1.18,1994.79,36213.41
P1288,wireless_audio,Tashkent,both,2024,12,80.33,441,15,3.9,False,4.2,1.16,2348.21,32885.98
P1289,wireless_audio,Samarkand,online,2023,1,89.64,217,11,3.6,False,4.7,0.98,972.14,17801.07
P1290,wireless_audio,Samarkand,offline,2023,2,90.83,208,13,2.9,False,4.6,0.93,954.64,18574.07
P1291,wireless_audio,Samarkand,online,2023,3,97.3,224,6,1.9,False,4.9,1.04,1631.08,20808.38
P1292,wireless_audio,Samarkand,both,2023,4,90.61,336,12,3.6,False,4.2,0.88,1289.91,30564.82
P1293,wireless_audio,Samarkand,offline,2023,5,104.51,211,16,4.9,False,4.7,0.95,1558.85,19380.86
P1294,wireless_audio,Samarkand,online,2023,6,93.19,199,7,2.8,False,,1.07,887.1,17391.49
P1295,wireless_audio,Samarkand,offline,2023,7,87.4,318,20,4.5,False,4.4,0.99,944.41,24873.17
P1296,wireless_audio,Samarkand,online,2023,8,98.96,363,21,0.0,False,4.4,1.15,2285.85,33844.32
P1297,wireless_audio,Samarkand,online,2023,9,96.17,254,20,0.3,False,4.4,1.17,1803.64,22436.27
P1298,wireless_audio,Samarkand,offline,2023,10,104.63,269,6,0.4,False,4.3,0.9,1947.6,29600.23
P1299,wireless_audio,Samarkand,online,2023,11,102.6,302,10,1.2,False,4.2,1.1,1986.81,29599.69
P1300,wireless_audio,Samarkand,online,2023,12,99.08,303,8,26.7,True,4.9,0.91,1439.92,23138.52
P1301,wireless_audio,Samarkand,offline,2024,1,83.93,395,14,1.5,False,4.5,1.09,2306.85,31497.67
P1302,wireless_audio,Samarkand,offline,2024,2,77.7,484,20,20.0,True,4.5,1.03,2280.14,28842.24
P1303,wireless_audio,Samarkand,online,2024,3,94.98,244,15,2.3,False,4.4,1.13,657.89,21250.16
P1304,wireless_audio,Samarkand,online,2024,4,80.16,446,18,4.1,False,4.7,1.07,2097.93,32901.83
P1305,wireless_audio,Samarkand,offline,2024,5,76.78,494,23,33.0,True,4.8,1.14,1513.11,24229.46
P1306,wireless_audio,Samarkand,online,2024,6,96.04,287,12,4.1,False,,0.86,1681.17,27354.4
P1307,wireless_audio,Samarkand,online,2024,7,96.92,378,21,15.7,True,4.4,0.99,1943.21,29168.17
P1308,wireless_audio,Samarkand,online,2024,8,97.49,368,21,25.5,True,,,2428.5,25202.63
P1309,wireless_audio,Samarkand,both,2024,9,85.58,480,35,2.4,False,4.1,0.91,1607.51,40142.64
P1310,wireless_audio,Samarkand,online,2024,10,78.82,448,23,5.0,False,4.4,1.12,2824.07,31823.57
P1311,wireless_audio,Samarkand,both,2024,11,75.2,757,17,33.3,True,4.6,1.15,3862.08,37117.22
P1312,wireless_audio,Samarkand,offline,2024,12,80.66,452,30,3.0,False,4.4,,2728.5,33017.36
P1313,wireless_audio,Samarkand,online,2023,1,94.2,319,9,2.8,False,5.0,1.02,1158.21,28384.34
P1314,wireless_audio,Samarkand,offline,2023,2,96.58,259,19,15.0,True,4.4,0.92,696.13,21278.51
P1315,wireless_audio,Samarkand,both,2023,3,83.65,443,24,0.1,False,4.8,1.15,2654.77,35014.3
P1316,wireless_audio,Samarkand,both,2023,4,83.25,476,18,0.5,False,4.1,0.9,1167.02,40972.89
P1317,wireless_audio,Samarkand,both,2023,5,86.78,491,38,0.9,False,4.2,1.13,1422.89,38957.54
P1318,wireless_audio,Samarkand,offline,2023,6,86.46,311,23,29.6,True,3.8,1.18,1169.57,17529.94
P1319,wireless_audio,Samarkand,both,2023,7,96.48,289,22,4.6,False,4.5,1.18,792.95,24575.19
P1320,wireless_audio,Samarkand,both,2023,8,80.89,671,41,16.8,True,4.8,1.07,3973.05,42399.3
P1321,wireless_audio,Samarkand,offline,2023,9,89.21,304,6,17.2,True,4.0,1.19,1981.73,22012.03
P1322,wireless_audio,Samarkand,offline,2023,10,86.54,299,21,2.4,False,4.7,1.08,1584.34,23480.73
P1323,wireless_audio,Samarkand,online,2023,11,81.45,486,11,34.0,True,4.5,1.11,2090.97,25534.57
P1324,wireless_audio,Samarkand,both,2023,12,77.58,617,47,15.6,True,4.7,0.91,3512.72,40307.97
P1325,wireless_audio,Samarkand,online,2024,1,95.52,341,21,29.4,True,4.4,0.93,748.45,23306.27
P1326,wireless_audio,Samarkand,offline,2024,2,93.89,249,9,2.1,False,4.6,1.08,1309.5,22060.39
P1327,wireless_audio,Samarkand,online,2024,3,83.84,349,13,31.9,True,,1.08,745.2,19183.93
P1328,wireless_audio,Samarkand,offline,2024,4,82.04,517,24,20.3,True,,0.93,1531.75,34814.06
P1329,wireless_audio,Samarkand,online,2024,5,82.09,388,20,1.7,False,4.8,1.04,2243.83,29695.56
P1330,wireless_audio,Samarkand,both,2024,6,89.46,509,37,2.4,False,4.3,1.02,1126.42,41211.72
P1331,wireless_audio,Samarkand,both,2024,7,90.08,508,30,4.0,False,4.3,1.12,1389.88,41335.91
P1332,wireless_audio,Samarkand,both,2024,8,72.31,611,48,2.1,False,4.3,1.0,3527.27,39855.61
P1333,wireless_audio,Samarkand,offline,2024,9,101.43,305,7,4.6,False,4.2,0.96,1131.4,28835.74
P1334,wireless_audio,Samarkand,offline,2024,10,89.78,425,19,2.6,False,4.6,1.0,1102.42,35502.96
P1335,wireless_audio,Samarkand,offline,2024,11,92.8,466,12,2.8,False,4.3,0.97,1931.03,40951.53
P1336,wireless_audio,Samarkand,offline,2024,12,80.72,399,11,1.4,False,4.8,1.06,1984.6,30880.89
P1337,wireless_audio,Bukhara,online,2023,1,92.62,226,17,3.7,False,4.4,1.14,799.26,18641.35
P1338,wireless_audio,Bukhara,online,2023,2,86.99,288,8,4.3,False,4.4,,1167.14,23309.84
P1339,wireless_audio,Bukhara,both,2023,3,80.58,458,31,19.2,True,4.4,1.15,2556.12,27801.39
P1340,wireless_audio,Bukhara,offline,2023,4,87.46,293,21,32.0,,3.9,0.86,808.9,17470.73
P1341,wireless_audio,Bukhara,both,2023,5,91.8,327,20,4.6,False,4.3,1.03,1744.82,26886.2
P1342,wireless_audio,Bukhara,online,2023,6,85.97,341,18,32.4,True,5.0,0.97,873.93,18771.38
P1343,wireless_audio,Bukhara,both,2023,7,82.73,448,13,1.9,False,3.7,1.15,2180.89,35303.79
P1344,wireless_audio,Bukhara,offline,2023,8,97.64,330,6,30.4,True,4.1,1.17,1895.97,22018.21
P1345,wireless_audio,Bukhara,offline,2023,9,89.2,323,18,34.3,True,4.1,0.97,1011.86,17874.34
P1346,wireless_audio,Bukhara,offline,2023,10,89.66,348,17,0.5,False,4.5,1.08,2202.75,29529.07
P1347,wireless_audio,Bukhara,offline,2023,11,89.41,316,7,0.5,False,4.8,1.15,1007.77,27489.55
P1348,wireless_audio,Bukhara,both,2023,12,83.05,392,29,3.8,False,4.4,1.13,2218.4,29001.56
P1349,wireless_audio,Bukhara,offline,2024,1,95.91,342,27,3.3,False,4.4,0.99,725.53,29214.67
P1350,wireless_audio,Bukhara,both,2024,2,94.14,377,19,1.1,False,4.7,1.12,2640.22,33331.4
P1351,wireless_audio,Bukhara,offline,2024,3,95.66,387,11,4.4,False,4.5,0.94,2535.92,37136.4
P1352,wireless_audio,Bukhara,both,2024,4,68.32,684,44,22.1,True,4.5,0.96,3144.31,34061.62
P1353,wireless_audio,Bukhara,online,2024,5,87.76,412,22,32.3,True,4.5,1.16,1808.89,23171.27
P1354,wireless_audio,Bukhara,both,2024,6,79.2,438,12,4.3,,,0.92,1545.47,34871.48
P1355,wireless_audio,Bukhara,offline,2024,7,88.77,336,22,3.6,False,4.0,0.91,1732.04,29019.95
P1356,wireless_audio,Bukhara,online,2024,8,85.93,543,35,24.8,True,4.4,0.88,2653.5,35452.76
P1357,wireless_audio,Bukhara,offline,2024,9,84.03,456,14,0.2,False,4.4,0.96,2682.0,37066.98
P1358,wireless_audio,Bukhara,online,2024,10,83.8,413,16,3.5,False,4.4,0.9,1488.66,34672.54
P1359,wireless_audio,Bukhara,offline,2024,11,77.23,563,31,29.6,True,4.1,1.2,1763.74,28924.8
P1360,wireless_audio,Bukhara,both,2024,12,94.2,448,19,4.6,False,4.9,0.93,2685.29,41637.09
P1361,wireless_audio,Bukhara,online,2023,1,89.42,265,15,1.8,False,5.0,0.94,1234.2,23708.82
P1362,wireless_audio,Bukhara,online,2023,2,97.76,283,17,0.1,False,,1.0,1184.53,25978.16
P1363,wireless_audio,Bukhara,offline,2023,3,103.1,197,7,3.2,False,4.2,0.94,1144.27,20479.12
P1364,wireless_audio,Bukhara,online,2023,4,103.09,206,5,0.6,False,4.0,0.89,677.84,22244.5
P1365,wireless_audio,Bukhara,online,2023,5,94.84,356,7,20.9,True,4.2,1.18,1344.99,26181.44
P1366,wireless_audio,Bukhara,online,2023,6,97.46,352,10,3.3,False,4.4,0.88,1739.39,34809.9
P1367,wireless_audio,Bukhara,both,2023,7,95.57,436,20,20.9,True,4.6,0.86,1559.82,33963.71
P1368,wireless_audio,Bukhara,both,2023,8,78.42,470,10,3.8,False,4.5,1.15,2204.12,34702.42
P1369,wireless_audio,Bukhara,online,2023,9,96.74,291,7,4.4,False,4.5,0.99,2188.45,26265.3
P1370,wireless_audio,Bukhara,online,2023,10,95.68,373,25,3.2,False,4.2,0.89,2204.49,34809.64
P1371,wireless_audio,Bukhara,online,2023,11,94.91,250,17,3.0,False,4.3,0.98,985.07,21450.61
P1372,wireless_audio,Bukhara,online,2023,12,98.09,386,29,0.7,False,4.2,0.89,1691.6,37554.84
P1373,wireless_audio,Bukhara,online,2024,1,92.9,384,20,30.4,True,3.6,1.08,1437.58,23535.66
P1374,wireless_audio,Bukhara,offline,2024,2,100.28,238,9,1.2,False,4.1,1.09,1028.48,22688.55
P1375,wireless_audio,Bukhara,both,2024,3,71.24,610,17,3.2,False,4.7,1.15,1064.33,40893.47
P1376,wireless_audio,Bukhara,offline,2024,4,77.95,525,23,27.9,True,3.9,0.93,1945.75,30470.45
P1377,wireless_audio,Bukhara,both,2024,5,78.18,594,29,0.6,False,,0.99,2481.13,43906.67
P1378,wireless_audio,Bukhara,online,2024,6,80.58,499,-3,25.2,True,4.3,1.09,3096.98,29112.26
P1379,wireless_audio,Bukhara,offline,2024,7,91.46,371,17,27.4,True,4.1,0.89,2224.53,25386.04
P1380,wireless_audio,Bukhara,online,2024,8,94.65,445,22,1.5,False,4.0,1.1,958.07,39436.4
P1381,wireless_audio,Bukhara,online,2024,9,74.21,564,17,27.2,True,4.7,1.01,2799.44,29551.61
P1382,wireless_audio,Bukhara,both,2024,10,79.74,679,45,26.8,True,4.3,1.01,3221.94,37006.38
P1383,wireless_audio,Bukhara,both,2024,11,66.7,706,49,33.7,True,4.0,1.17,1442.47,29053.92
P1384,wireless_audio,Bukhara,offline,2024,12,92.31,291,21,3.0,False,4.4,1.03,1157.22,24175.99
P1385,wireless_audio,Andijan,both,2023,1,84.62,405,31,4.8,False,4.2,0.99,2124.84,30128.78
P1386,wireless_audio,Andijan,both,2023,2,85.39,537,31,33.7,True,4.4,0.92,2634.34,30938.19
P1387,wireless_audio,Andijan,online,2023,3,103.53,291,22,3.3,False,3.9,0.96,811.16,26930.53
P1388,wireless_audio,Andijan,offline,2023,4,98.91,266,17,2.1,False,4.4,1.14,977.57,24111.39
P1389,wireless_audio,Andijan,both,2023,5,80.91,390,23,0.7,False,4.6,0.91,1173.75,31845.0
P1390,wireless_audio,Andijan,online,2023,6,89.4,315,6,3.8,False,4.9,1.13,736.38,26574.87
P1391,wireless_audio,Andijan,both,2023,7,88.4,490,16,2.8,False,4.5,0.95,2593.31,40728.36
P1392,wireless_audio,Andijan,both,2023,8,90.5,523,27,1.6,False,3.9,0.85,1660.41,47703.37
P1393,wireless_audio,Andijan,offline,2023,9,97.53,349,21,4.6,False,4.1,1.04,1913.04,30518.31
P1394,wireless_audio,Andijan,both,2023,10,84.35,375,11,3.4,False,,0.91,1607.84,32032.24
P1395,wireless_audio,Andijan,offline,2023,11,86.7,307,10,2.9,False,4.2,0.9,777.8,27003.4
P1396,wireless_audio,Andijan,online,2023,12,84.99,529,28,24.8,True,4.8,0.98,3014.18,32020.15
P1397,wireless_audio,Andijan,online,2024,1,92.4,333,17,23.3,True,4.6,0.92,1228.09,24186.78
P1398,wireless_audio,Andijan,offline,2024,2,93.64,473,37,31.5,True,4.5,0.85,2663.54,30203.84
P1399,wireless_audio,Andijan,offline,2024,3,94.02,343,20,4.8,False,4.1,1.18,1391.62,28910.77
P1400,wireless_audio,Andijan,offline,2024,4,79.57,543,25,31.1,True,5.0,0.87,3192.83,30670.59
P1401,wireless_audio,Andijan,online,2024,5,80.75,447,23,4.8,False,,1.08,2397.26,32594.58
P1402,wireless_audio,Andijan,both,2024,6,90.59,380,29,3.5,False,4.4,1.12,2023.93,30684.19
P1403,wireless_audio,Andijan,both,2024,7,88.07,402,10,1.7,False,4.9,1.05,1929.45,33936.54
P1404,wireless_audio,Andijan,online,2024,8,84.99,454,27,15.3,True,4.6,1.04,2256.68,30738.25
P1405,wireless_audio,Andijan,offline,2024,9,93.79,375,28,0.4,False,4.8,0.96,885.97,32414.95
P1406,wireless_audio,Andijan,both,2024,10,86.5,500,26,2.4,False,,0.9,1879.63,43218.34
P1407,wireless_audio,Andijan,both,2024,11,68.76,692,51,3.4,False,4.5,0.98,3662.28,42576.6
P1408,wireless_audio,Andijan,offline,2024,12,85.14,290,15,3.0,False,3.9,1.18,945.19,22711.1
P1409,wireless_audio,Andijan,both,2023,1,91.49,317,16,3.2,False,,1.14,918.2,26657.26
P1410,wireless_audio,Andijan,online,2023,2,99.93,312,24,4.7,False,4.6,1.01,1651.82,27427.19
P1411,wireless_audio,Andijan,online,2023,3,95.57,264,7,21.6,,4.3,1.07,1867.24,19256.21
P1412,wireless_audio,Andijan,online,2023,4,90.87,289,15,2.9,False,4.3,0.98,1023.67,24176.33
P1413,wireless_audio,Andijan,offline,2023,5,99.5,281,19,23.7,True,4.7,1.16,1335.65,19890.65
P1414,wireless_audio,Andijan,offline,2023,6,89.03,276,19,3.0,False,4.8,1.15,697.86,22194.29
P1415,wireless_audio,Andijan,offline,2023,7,80.27,423,21,15.4,True,4.8,0.99,1881.14,27299.18
P1416,wireless_audio,Andijan,both,2023,8,96.58,421,28,2.4,False,4.5,0.98,1357.98,37045.0
P1935,wireless_audio,Andijan,both,2023,9,89.93,367,16,2.6,False,4.0,1.15,2257.24,30744.73
P1418,wireless_audio,Andijan,offline,2023,10,84.14,380,22,34.0,True,4.4,1.19,2051.25,19880.6
P1419,wireless_audio,Andijan,offline,2023,11,96.44,247,10,0.3,False,4.6,1.17,992.73,22787.71
P1420,wireless_audio,Andijan,offline,2023,12,107.48,220,13,1.6,False,4.5,1.03,1649.96,21892.39
P1421,wireless_audio,Andijan,both,2024,1,81.61,591,34,22.3,,4.6,0.98,3590.09,35319.91
P1422,wireless_audio,Andijan,offline,2024,2,89.47,384,21,2.4,False,4.1,1.03,973.6,31698.15
P1423,wireless_audio,Andijan,online,2024,3,80.03,469,29,22.2,True,4.6,1.13,2372.73,27395.87
P1424,wireless_audio,Andijan,offline,2024,4,89.04,270,5,4.2,False,4.5,0.87,1308.04,24412.95
P1425,wireless_audio,Andijan,online,2024,5,97.66,255,9,0.3,False,4.7,1.06,1340.2,23952.29
P1426,wireless_audio,Andijan,online,2024,6,85.38,393,18,0.4,False,5.0,1.2,2417.19,31889.43
P1427,wireless_audio,Andijan,online,2024,7,94.83,387,11,4.1,False,4.3,1.1,1488.53,34194.18
P1428,wireless_audio,Andijan,offline,2024,8,92.13,294,9,0.5,False,4.2,1.15,1361.4,26125.76
P1429,wireless_audio,Andijan,offline,2024,9,93.54,350,23,15.8,True,4.3,1.02,910.79,25754.74
P1430,wireless_audio,Andijan,offline,2024,10,91.15,449,23,3.2,False,4.4,0.98,925.19,37587.34
P1431,wireless_audio,Andijan,offline,2024,11,77.94,578,37,26.8,True,4.4,0.88,1262.87,33334.39
P1432,wireless_audio,Andijan,offline,2024,12,85.69,581,18,23.2,True,3.9,1.1,3353.84,37050.98
P1433,wireless_audio,Namangan,offline,2023,1,101.79,219,9,21.3,True,4.6,0.94,1589.39,18168.66
P1434,wireless_audio,Namangan,offline,2023,2,102.07,211,9,3.8,False,4.8,1.12,1054.18,19834.65
P1435,wireless_audio,Namangan,offline,2023,3,94.65,212,13,1.7,,4.3,1.08,1301.65,18515.15
P1436,wireless_audio,Namangan,offline,2023,4,93.27,203,8,2.0,False,3.8,1.04,1170.55,17823.9
P1437,wireless_audio,Namangan,both,2023,5,71.58,615,46,17.9,True,4.3,0.93,1091.84,36113.61
P1438,wireless_audio,Namangan,online,2023,6,92.74,365,22,2.6,False,4.4,1.06,2597.76,30982.76
P1439,wireless_audio,Namangan,both,2023,7,84.21,387,26,3.3,False,4.4,1.06,1660.38,29396.62
P1440,wireless_audio,Namangan,online,2023,8,85.92,271,21,18.1,True,4.5,1.12,959.03,17592.12
P1441,wireless_audio,Namangan,offline,2023,9,99.08,288,7,0.3,False,4.3,1.17,1166.68,27757.96
P1442,wireless_audio,Namangan,both,2023,10,86.7,578,20,26.5,True,5.0,0.99,1322.37,35558.27
P1443,wireless_audio,Namangan,online,2023,11,89.79,530,36,32.5,True,4.0,1.19,2559.8,29940.48
P1444,wireless_audio,Namangan,both,2023,12,79.63,569,31,2.3,False,4.2,0.86,1222.27,45204.05
P1445,wireless_audio,Namangan,online,2024,1,90.77,424,16,1.1,False,4.7,0.85,2691.38,39556.92
P1446,wireless_audio,Namangan,online,2024,2,77.16,490,23,33.6,True,4.3,0.97,2784.93,23926.39
P1447,wireless_audio,Namangan,online,2024,3,97.45,377,12,2.5,False,4.3,0.92,1181.74,37454.42
P1448,wireless_audio,Namangan,online,2024,4,87.81,274,16,4.6,False,3.8,1.08,1367.32,21612.85
P1449,wireless_audio,Namangan,both,2024,5,90.86,355,17,3.1,False,5.0,1.15,1594.97,29758.65
P1450,wireless_audio,Namangan,both,2024,6,82.41,432,10,2.9,False,4.3,1.13,1733.75,33768.49
P1451,wireless_audio,Namangan,offline,2024,7,96.27,323,25,0.9,False,4.3,1.09,643.96,28430.26
P1452,wireless_audio,Namangan,online,2024,8,94.44,332,17,1.3,False,4.1,0.93,1513.8,31710.82
P1453,wireless_audio,Namangan,offline,2024,9,85.86,356,15,3.5,False,4.5,0.91,851.83,30513.8
P1454,wireless_audio,Namangan,offline,2024,10,86.56,351,15,23.6,True,4.2,0.9,2356.13,23997.92
P1455,wireless_audio,Namangan,online,2024,11,93.26,314,22,5.0,False,3.9,1.12,1112.84,25870.32
P1456,wireless_audio,Namangan,offline,2024,12,94.87,351,24,0.3,,,1.02,1924.43,30929.42
P1457,wireless_audio,Namangan,offline,2023,1,99.34,218,7,4.7,False,4.6,1.15,1684.56,19975.59
P1458,wireless_audio,Namangan,online,2023,2,88.77,281,11,3.9,False,4.4,1.09,1228.5,23033.15
P1459,wireless_audio,Namangan,both,2023,3,87.97,341,9,3.2,False,4.7,0.97,1736.16,28271.45
P1460,wireless_audio,Namangan,offline,2023,4,92.85,190,7,1.1,False,4.9,0.95,635.95,16804.64
P1461,wireless_audio,Namangan,offline,2023,5,89.53,338,26,26.7,True,4.2,0.86,1926.62,22113.16
P1462,wireless_audio,Namangan,offline,2023,6,86.14,299,7,0.8,False,4.5,0.87,1873.0,26947.79
P1463,wireless_audio,Namangan,offline,2023,7,84.33,339,9,20.2,True,4.0,0.96,996.11,22207.46
P1464,wireless_audio,Namangan,online,2023,8,104.15,230,13,0.1,False,3.9,1.15,946.49,22577.95
P1465,wireless_audio,Namangan,offline,2023,9,90.09,292,22,2.2,False,4.3,1.06,1522.16,23789.17
P1466,wireless_audio,Namangan,offline,2023,10,96.87,295,12,1.5,False,4.2,1.04,1951.28,27003.0
P1467,wireless_audio,Namangan,offline,2023,11,92.54,254,17,0.0,False,4.6,1.01,481.83,21931.98
P1468,wireless_audio,Namangan,both,2023,12,78.33,440,16,2.2,False,4.2,0.93,704.23,35079.76
P1469,wireless_audio,Namangan,offline,2024,1,91.01,320,20,0.8,False,4.2,0.94,1320.28,29251.35
P1470,wireless_audio,Namangan,online,2024,2,93.5,416,15,3.4,False,4.6,1.11,2665.49,36218.72
P1471,wireless_audio,Namangan,offline,2024,3,91.98,260,14,3.2,False,4.3,0.92,506.13,23655.25
P1472,wireless_audio,Namangan,online,2024,4,87.4,281,17,1.3,False,4.8,1.1,834.25,22773.64
P1473,wireless_audio,Namangan,online,2024,5,89.51,319,25,4.0,False,3.9,0.97,2016.26,252633.0
P1474,wireless_audio,Namangan,both,2024,6,71.67,730,51,18.8,True,4.5,1.14,3646.39,39515.11
P1475,wireless_audio,Namangan,online,2024,7,98.54,310,19,2.2,False,4.7,1.12,1566.11,28044.29
P1476,wireless_audio,Namangan,both,2024,8,77.13,572,33,1.6,False,,0.86,3363.82,44180.53
P1477,wireless_audio,Namangan,offline,2024,9,90.85,490,16,32.3,True,4.7,0.96,1337.35,29153.58
P1478,wireless_audio,Namangan,online,2024,10,73.26,562,27,30.7,True,4.7,1.06,1740.92,27161.51
P1479,wireless_audio,Namangan,online,2024,11,97.38,385,22,34.9,True,4.8,1.1,2530.21,23012.16
P1480,wireless_audio,Namangan,online,2024,12,78.53,679,31,31.1,True,4.6,0.92,3271.56,37866.37
P1481,gaming,Tashkent,offline,2023,1,205.48,245,15,20.9,True,4.3,0.97,3219.11,37382.98
P1482,gaming,Tashkent,online,2023,2,217.58,206,6,0.3,False,4.4,0.95,1604.65,43385.45
P1483,gaming,Tashkent,offline,2023,3,199.12,221,15,15.4,True,4.2,1.1,2618.21,34701.84
P1484,gaming,Tashkent,offline,2023,4,222.82,164,9,2.8,False,4.0,0.96,2136.06,33570.06
P1485,gaming,Tashkent,online,2023,5,244.73,129,9,0.6,False,4.3,0.88,1713.02,31526.7
P1486,gaming,Tashkent,both,2023,6,215.32,251,10,1.3,False,4.5,1.06,1310.73,51217.52
P1487,gaming,Tashkent,both,2023,7,175.66,334,7,31.0,True,3.5,1.0,2472.61,39634.17
P1488,gaming,Tashkent,both,2023,8,193.13,220,8,0.4,False,3.9,,3298.61,40779.79
P1489,gaming,Tashkent,online,2023,9,204.44,191,6,2.6,False,,1.11,1753.69,36838.04
P1490,gaming,Tashkent,online,2023,10,219.27,174,12,3.3,False,4.1,0.91,1176.02,37097.48
P1491,gaming,Tashkent,offline,2023,11,248.99,145,5,2.2,False,3.8,0.96,1527.29,34091.71
P1492,gaming,Tashkent,both,2023,12,200.23,311,10,2.8,False,5.0,1.12,4705.79,58581.69
P1493,gaming,Tashkent,online,2024,1,212.96,194,15,3.6,False,3.9,1.2,1574.51,36747.53
P1494,gaming,Tashkent,online,2024,2,208.99,309,11,28.8,True,4.0,1.04,3447.13,44342.66
P1495,gaming,Tashkent,both,2024,3,189.29,267,14,22.3,True,4.3,0.88,2223.17,40187.69
P1496,gaming,Tashkent,both,2024,4,203.58,331,23,0.9,False,4.7,1.09,3677.46,62138.32
P1497,gaming,Tashkent,both,2024,5,214.62,261,6,2.9,False,4.7,0.97,3866.69,53140.99
P1498,gaming,Tashkent,offline,2024,6,195.84,250,14,3.3,False,4.4,0.85,3262.94,48268.48
P1499,gaming,Tashkent,offline,2024,7,227.3,150,7,0.7,,4.2,1.11,1485.62,32276.37
P1500,gaming,Tashkent,offline,2024,8,202.4,211,9,1.4,False,4.3,0.9,1065.64,43537.4
P1501,gaming,Tashkent,offline,2024,9,206.88,252,7,30.5,True,4.5,,3082.93,35226.49
P1502,gaming,Tashkent,online,2024,10,194.56,262,17,0.4,False,4.5,0.96,3845.96,47476.53
P1503,gaming,Tashkent,online,2024,11,205.86,222,12,1.6,False,4.5,1.2,2603.73,42538.91
P1504,gaming,Tashkent,both,2024,12,186.98,258,8,4.1,False,4.2,0.98,3158.04,44828.46
P1505,gaming,Tashkent,both,2023,1,230.82,220,15,32.4,True,4.7,0.89,2386.87,34546.0
P1506,gaming,Tashkent,online,2023,2,214.76,214,10,20.2,True,4.2,1.11,1308.94,34961.21
P1507,gaming,Tashkent,offline,2023,3,193.42,219,8,18.4,True,4.3,0.87,2511.27,35966.46
P1508,gaming,Tashkent,online,2023,4,241.77,148,10,3.3,False,3.8,0.86,2577.9,34844.3
P1509,gaming,Tashkent,offline,2023,5,198.0,206,14,21.3,True,4.0,1.03,1936.58,29918.59
P1510,gaming,Tashkent,both,2023,6,196.37,272,8,22.9,True,4.2,0.97,2196.05,39969.94
P1511,gaming,Tashkent,offline,2023,7,213.08,286,20,27.5,True,4.6,0.86,3247.93,44379.88
P1512,gaming,Tashkent,online,2023,8,181.84,299,23,22.6,True,3.8,1.06,3128.0,38845.39
P1513,gaming,Tashkent,online,2023,9,234.26,199,10,21.6,True,4.2,1.04,3170.3,34711.71
P1514,gaming,Tashkent,both,2023,10,199.31,298,23,0.7,False,4.4,1.19,1705.16,54426.58
P1515,gaming,Tashkent,both,2023,11,211.4,240,6,4.7,False,3.9,1.1,3344.83,47142.62
P1516,gaming,Tashkent,both,2023,12,203.17,259,19,4.7,False,4.8,1.18,1916.87,46469.04
P1517,gaming,Tashkent,both,2024,1,202.62,299,16,20.3,True,4.2,1.09,2517.58,45701.14
P1518,gaming,Tashkent,offline,2024,2,222.17,193,8,3.6,False,4.4,1.15,2121.93,39621.8
P1519,gaming,Tashkent,online,2024,3,195.85,197,8,20.4,True,4.2,1.12,924.75,29464.46
P1520,gaming,Tashkent,both,2024,4,187.36,356,16,1.6,False,3.3,0.94,2954.28,67697.81
P1521,gaming,Tashkent,online,2024,5,208.59,198,12,3.1,False,3.9,1.16,2776.04,37595.01
P1522,gaming,Tashkent,offline,2024,6,189.04,245,12,5.0,False,4.0,0.99,2969.25,41844.0
P1523,gaming,Tashkent,offline,2024,7,192.83,224,9,1.5,False,4.0,1.01,1958.75,40836.57
P1524,gaming,Tashkent,offline,2024,8,217.12,269,17,24.0,True,4.7,0.89,3897.03,44909.45
P1525,gaming,Tashkent,both,2024,9,204.31,246,7,2.3,False,3.8,0.92,2376.35,51523.56
P1526,gaming,Tashkent,online,2024,10,212.46,286,7,3.6,False,3.9,0.89,2853.69,61713.78
P1527,gaming,Tashkent,offline,2024,11,228.15,204,15,2.6,False,4.0,1.12,3478.37,41999.22
P1528,gaming,Tashkent,offline,2024,12,237.02,176,11,0.9,False,4.4,1.0,1609.01,38756.33
P1529,gaming,Samarkand,both,2023,1,192.68,242,7,0.7,False,4.0,1.01,3325.77,44962.84
P1530,gaming,Samarkand,offline,2023,2,212.15,243,10,24.5,True,4.0,0.88,2887.25,40306.0
P1531,gaming,Samarkand,online,2023,3,222.53,180,4,4.1,False,4.5,0.86,2853.14,40564.26
P1532,gaming,Samarkand,offline,2023,4,246.05,142,6,0.2,False,4.6,0.91,2107.72,36067.54
P1533,gaming,Samarkand,offline,2023,5,233.8,174,8,0.9,False,3.6,0.88,1544.16,41538.42
P1534,gaming,Samarkand,offline,2023,6,226.92,124,4,2.8,False,3.9,0.9,1735.48,28585.39
P1535,gaming,Samarkand,online,2023,7,227.85,184,4,3.1,False,4.1,1.2,2055.12,39741.6
P1536,gaming,Samarkand,offline,2023,8,202.74,225,8,3.0,False,3.8,1.03,3635.7,42674.74
P1537,gaming,Samarkand,offline,2023,9,214.7,239,7,24.9,True,3.8,1.19,1031.13,37407.61
P1538,gaming,Samarkand,online,2023,10,241.79,147,11,4.0,False,3.9,0.99,1422.7,31568.1
P1539,gaming,Samarkand,offline,2023,11,215.64,129,8,1.4,False,4.1,0.96,566.58,25727.15
P1540,gaming,Samarkand,offline,2023,12,219.29,211,6,0.1,False,4.5,0.97,1863.59,44909.5
P1541,gaming,Samarkand,offline,2024,1,218.3,223,12,2.4,False,4.5,0.97,3263.54,44955.83
P1542,gaming,Samarkand,offline,2024,2,202.2,231,8,3.6,False,4.0,1.04,1517.82,43467.34
P1543,gaming,Samarkand,offline,2024,3,202.7,241,8,4.8,False,,1.07,3446.14,44962.1
P1544,gaming,Samarkand,offline,2024,4,230.14,210,13,3.8,False,4.4,0.96,1058.3,43614.75
P1545,gaming,Samarkand,offline,2024,5,219.7,170,5,4.8,False,4.2,1.12,2489.96,34510.48
P1546,gaming,Samarkand,both,2024,6,212.84,215,6,2.5,,4.3,1.17,2926.23,43371.47
P1547,gaming,Samarkand,offline,2024,7,239.71,163,12,4.1,False,4.1,1.1,1858.38,34712.17
P1548,gaming,Samarkand,both,2024,8,231.45,218,12,3.4,False,4.1,0.88,2422.53,49742.23
P1549,gaming,Samarkand,online,2024,9,199.75,248,9,2.9,False,4.4,0.92,1813.04,50064.24
P1550,gaming,Samarkand,online,2024,10,205.08,177,3,1.4,False,4.0,1.07,1845.58,35184.35
P1551,gaming,Samarkand,online,2024,11,199.63,207,7,3.5,False,4.2,1.06,1666.34,38528.59
P1552,gaming,Samarkand,offline,2024,12,184.42,288,13,16.1,True,4.3,0.91,2961.97,45954.32
P1553,gaming,Samarkand,offline,2023,1,226.81,171,11,1.6,False,4.1,1.04,3041.52,35708.97
P1554,gaming,Samarkand,both,2023,2,234.16,178,8,4.6,False,,1.01,2545.37,37976.07
P1555,gaming,Samarkand,both,2023,3,205.08,196,11,4.3,False,,1.09,2408.16,36308.39
P1556,gaming,Samarkand,both,2023,4,190.86,231,9,2.4,,4.0,1.01,1333.6,41354.02
P1557,gaming,Samarkand,both,2023,5,201.18,188,12,4.1,False,4.0,1.13,1965.4,33955.97
P1558,gaming,Samarkand,offline,2023,6,222.11,180,7,4.9,False,4.6,0.97,2752.01,36542.2
P1559,gaming,Samarkand,offline,2023,7,235.74,164,5,2.7,False,4.1,1.18,2105.16,36470.63
P1560,gaming,Samarkand,offline,2023,8,224.28,170,5,4.1,False,,1.18,921.79,35488.95
P1561,gaming,Samarkand,online,2023,9,207.87,218,12,2.5,False,4.7,1.16,3362.21,41750.69
P1562,gaming,Samarkand,offline,2023,10,221.56,179,9,22.8,True,4.5,0.92,2414.89,31403.73
P1563,gaming,Samarkand,online,2023,11,200.48,242,11,4.7,False,4.5,0.88,993.96,47665.01
P1564,gaming,Samarkand,both,2023,12,205.14,213,11,1.8,False,4.2,0.87,2717.87,43947.78
P1565,gaming,Samarkand,both,2024,1,204.81,339,21,1.2,False,4.0,0.98,2978.15,64348.03
P1566,gaming,Samarkand,offline,2024,2,204.73,189,14,1.9,False,4.4,1.14,1132.03,35147.02
P1567,gaming,Samarkand,both,2024,3,193.78,224,14,0.1,False,3.9,1.2,1088.63,40653.11
P1568,gaming,Samarkand,offline,2024,4,230.19,193,8,3.0,False,4.2,0.91,2246.43,44612.21
P1569,gaming,Samarkand,offline,2024,5,205.49,184,10,3.0,False,4.3,1.03,1688.23,34682.6
P1570,gaming,Samarkand,offline,2024,6,207.57,263,7,3.5,False,4.0,,3353.51,51278.09
P1571,gaming,Samarkand,online,2024,7,220.37,284,13,3.9,False,4.8,0.88,3025.81,61982.47
P1572,gaming,Samarkand,both,2024,8,216.28,231,8,4.0,False,4.5,0.87,2029.04,50005.32
P1573,gaming,Samarkand,both,2024,9,193.68,317,14,3.7,False,4.7,0.95,1358.07,56513.69
P1574,gaming,Samarkand,both,2024,10,188.83,363,17,0.3,,4.1,0.91,1583.2,70350.3
P1575,gaming,Samarkand,both,2024,11,181.13,348,17,0.4,False,4.3,0.9,2323.3,64491.35
P1576,gaming,Samarkand,both,2024,12,198.27,318,14,18.0,True,4.0,1.13,2249.31,49424.75
P1577,gaming,Bukhara,both,2023,1,219.22,265,6,1.7,,4.6,0.9,2890.54,60277.77
P1578,gaming,Bukhara,both,2023,2,215.01,193,6,3.2,False,4.8,1.11,1689.11,38920.25
P1579,gaming,Bukhara,offline,2023,3,215.3,122,4,2.0,False,4.2,1.04,1123.9,24897.29
P1580,gaming,Bukhara,both,2023,4,234.91,187,14,0.1,False,3.7,1.01,2666.86,40598.79
P1581,gaming,Bukhara,both,2023,5,239.17,176,13,3.2,False,3.6,1.15,1687.88,37737.2
P1582,gaming,Bukhara,online,2023,6,218.48,250,16,30.0,True,4.5,1.06,1731.21,35787.02
P1583,gaming,Bukhara,online,2023,7,228.39,146,10,3.4,False,4.3,0.89,1559.09,32405.36
P1584,gaming,Bukhara,online,2023,8,200.87,187,11,33.8,True,4.2,1.14,2893.43,23403.77
P1585,gaming,Bukhara,offline,2023,9,244.13,137,8,0.6,False,4.5,1.19,2466.97,31303.81
P1586,gaming,Bukhara,offline,2023,10,215.55,236,8,33.5,,4.0,1.0,3774.72,32681.69
P1587,gaming,Bukhara,both,2023,11,195.39,215,9,3.9,False,4.1,1.18,1507.27,38680.58
P1588,gaming,Bukhara,offline,2023,12,214.73,234,11,0.9,False,4.3,0.9,3322.44,51250.14
P1589,gaming,Bukhara,online,2024,1,216.09,250,6,0.5,False,4.0,1.01,3986.36,52462.33
P1590,gaming,Bukhara,online,2024,2,212.66,257,15,1.3,False,4.1,1.17,2977.44,50794.69
P1591,gaming,Bukhara,offline,2024,3,214.65,194,12,4.2,False,4.3,0.85,3216.82,40419.56
P1592,gaming,Bukhara,both,2024,4,214.43,304,18,1.8,False,3.8,0.99,3776.68,60223.09
P1593,gaming,Bukhara,both,2024,5,163.42,407,26,24.2,True,4.1,0.86,2863.33,50971.0
P1594,gaming,Bukhara,online,2024,6,209.19,268,6,1.8,False,4.1,1.07,3594.72,53821.24
P1595,gaming,Bukhara,online,2024,7,192.82,326,17,16.3,True,4.1,1.14,2951.78,49869.62
P1596,gaming,Bukhara,both,2024,8,179.73,301,20,17.4,True,4.5,1.08,2569.81,41716.41
P1597,gaming,Bukhara,offline,2024,9,225.54,169,3,4.6,,4.5,1.01,2861.81,35717.42
P1598,gaming,Bukhara,online,2024,10,205.75,179,6,0.2,False,4.5,1.13,1744.64,35523.56
P1599,gaming,Bukhara,online,2024,11,186.3,277,18,2.5,False,4.3,1.0,3544.82,47045.41
P1600,gaming,Bukhara,both,2024,12,218.25,293,8,2.9,False,4.7,1.14,4321.95,60397.41
P1601,gaming,Bukhara,both,2023,1,199.59,202,9,0.7,False,4.1,1.0,3045.58,38251.22
P1602,gaming,Bukhara,online,2023,2,216.74,260,12,15.3,True,3.8,0.85,1733.67,49169.74
P1603,gaming,Bukhara,online,2023,3,211.45,207,13,4.0,False,4.1,1.07,2249.14,39380.45
P1604,gaming,Bukhara,offline,2023,4,200.99,172,8,0.9,False,4.0,1.18,1992.34,32665.7
P1605,gaming,Bukhara,both,2023,5,210.1,170,8,0.6,False,4.4,1.12,1870.98,33831.98
P1606,gaming,Bukhara,online,2023,6,207.54,195,13,1.0,False,4.4,1.09,3161.31,37394.56
P1607,gaming,Bukhara,offline,2023,7,216.0,235,10,20.7,,3.9,1.12,1147.13,38539.8
P1608,gaming,Bukhara,both,2023,8,227.52,206,5,2.4,False,4.7,1.16,2966.07,44633.96
P1609,gaming,Bukhara,offline,2023,9,234.43,145,9,1.6,False,4.1,1.11,2454.02,31372.36
P1610,gaming,Bukhara,offline,2023,10,227.5,229,17,17.9,True,4.3,1.01,2252.69,39596.83
P1611,gaming,Bukhara,online,2023,11,235.1,209,5,1.0,False,4.2,0.9,3493.52,51279.26
P1612,gaming,Bukhara,offline,2023,12,215.95,226,13,30.8,True,4.1,1.06,1473.71,31830.17
P1613,gaming,Bukhara,both,2024,1,230.01,209,16,2.4,False,3.7,0.95,3067.05,43326.52
P1614,gaming,Bukhara,both,2024,2,207.19,332,9,26.8,True,3.9,1.05,1396.7,48987.17
P1615,gaming,Bukhara,both,2024,3,167.23,374,18,25.6,True,4.4,1.01,2153.43,44293.21
P1616,gaming,Bukhara,offline,2024,4,182.95,303,17,20.9,True,3.7,0.88,2704.45,44699.09
P1617,gaming,Bukhara,online,2024,5,215.68,259,12,0.1,False,4.3,0.99,3764.57,53219.69
P1618,gaming,Bukhara,offline,2024,6,227.8,221,16,0.4,False,3.6,0.97,1105.69,46512.2
P1619,gaming,Bukhara,offline,2024,7,201.31,343,8,30.8,True,4.6,0.87,5297.42,50401.09
P1620,gaming,Bukhara,offline,2024,8,217.48,161,6,3.1,False,3.9,0.91,1874.22,35277.56
P1621,gaming,Bukhara,online,2024,9,239.97,186,4,1.2,False,3.5,1.05,3461.23,43150.45
P1622,gaming,Bukhara,online,2024,10,211.38,192,11,1.3,False,4.3,,966.01,37762.4
P1623,gaming,Bukhara,online,2024,11,193.74,237,14,3.5,False,4.0,1.07,3122.05,41691.88
P1624,gaming,Bukhara,both,2024,12,161.55,415,19,4.5,False,4.1,0.88,4952.94,65982.58
P1625,gaming,Andijan,online,2023,1,219.95,124,6,3.5,False,4.5,1.07,1025.23,25045.71
P1626,gaming,Andijan,both,2023,2,213.61,178,10,2.2,False,3.9,0.95,904.06,35096.98
P1627,gaming,Andijan,both,2023,3,178.47,389,22,21.9,True,4.0,1.09,4895.46,51154.32
P1628,gaming,Andijan,offline,2023,4,243.2,126,4,0.9,False,4.6,1.02,2397.63,29403.37
P1629,gaming,Andijan,both,2023,5,187.18,286,17,33.5,True,4.0,1.14,3296.14,33483.69
P1630,gaming,Andijan,offline,2023,6,212.64,176,6,17.5,True,5.0,0.91,2011.55,32208.58
P1631,gaming,Andijan,online,2023,7,217.27,164,4,2.7,False,4.0,0.99,1780.37,33824.59
P1632,gaming,Andijan,online,2023,8,200.83,164,12,3.7,False,4.8,0.97,2052.81,29396.69
P1633,gaming,Andijan,offline,2023,9,200.73,301,16,17.9,True,4.5,1.09,3860.73,46967.81
P1634,gaming,Andijan,both,2023,10,185.3,349,16,31.8,True,4.0,0.88,1506.93,45449.36
P1635,gaming,Andijan,offline,2023,11,244.75,152,3,1.4,,3.9,1.09,939.08,35957.2
P1636,gaming,Andijan,offline,2023,12,232.12,217,9,33.2,True,4.1,0.9,3587.77,34831.81
P1637,gaming,Andijan,offline,2024,1,216.13,165,11,4.9,False,4.6,1.01,2837.08,31653.1
P1638,gaming,Andijan,both,2024,2,167.72,451,12,32.9,,4.5,1.06,1903.5,49405.11
P1639,gaming,Andijan,online,2024,3,226.73,253,19,0.3,False,,0.99,4294.44,52895.66
P1640,gaming,Andijan,offline,2024,4,222.94,223,6,0.7,,4.1,0.98,2646.46,48039.33
P1641,gaming,Andijan,online,2024,5,197.99,256,12,2.8,False,4.2,0.94,3921.11,50713.44
P1642,gaming,Andijan,both,2024,6,207.82,329,16,2.1,False,4.2,1.09,2371.51,63681.66
P1643,gaming,Andijan,online,2024,7,196.57,358,19,26.6,True,4.5,1.02,4338.77,48911.73
P1644,gaming,Andijan,online,2024,8,224.8,233,5,0.8,False,3.9,0.96,3807.86,50844.36
P1645,gaming,Andijan,online,2024,9,224.04,251,9,22.1,True,3.5,1.03,3710.69,42235.57
P1646,gaming,Andijan,online,2024,10,204.08,344,21,31.5,True,4.1,0.96,4291.3,45153.72
P1647,gaming,Andijan,offline,2024,11,177.72,306,12,25.4,True,3.9,1.17,1421.83,38978.26
P1648,gaming,Andijan,online,2024,12,210.55,257,13,31.6,True,4.2,1.04,2871.51,35139.95
P1649,gaming,Andijan,both,2023,1,215.5,275,13,33.5,True,4.1,1.14,4348.89,37546.57
P1650,gaming,Andijan,offline,2023,2,236.69,141,9,0.1,False,4.5,0.93,2383.15,33708.79
P1651,gaming,Andijan,online,2023,3,204.14,164,10,28.8,True,4.7,1.12,754.98,22383.54
P1652,gaming,Andijan,online,2023,4,201.78,173,6,0.6,False,4.4,0.87,2096.4,36174.69
P1653,gaming,Andijan,both,2023,5,185.64,304,9,4.5,False,4.1,1.15,4317.85,52299.43
P1654,gaming,Andijan,both,2023,6,216.91,197,6,3.6,False,4.3,1.05,1108.72,39938.34
P1655,gaming,Andijan,offline,2023,7,210.4,180,9,33.0,True,4.3,0.92,1903.13,26033.97
P1656,gaming,Andijan,both,2023,8,201.04,270,8,4.8,False,4.2,0.97,2321.96,50144.2
P1657,gaming,Andijan,online,2023,9,201.07,194,5,17.2,True,4.2,1.04,875.19,31465.85
P1658,gaming,Andijan,online,2023,10,205.2,217,10,34.5,True,3.7,1.04,1666.94,27822.04
P1659,gaming,Andijan,both,2023,11,203.24,266,8,28.6,True,4.5,0.89,2502.17,40434.39
P1660,gaming,Andijan,offline,2023,12,222.49,188,14,17.0,True,4.2,1.19,998.97,32132.01
P1661,gaming,Andijan,both,2024,1,218.64,294,20,0.6,,4.2,1.1,3529.95,59547.92
P1662,gaming,Andijan,online,2024,2,208.24,221,12,2.4,False,,0.99,2258.34,42477.63
P1663,gaming,Andijan,online,2024,3,212.86,158,9,2.5,False,4.3,0.87,810.32,33397.1
P1664,gaming,Andijan,offline,2024,4,227.13,184,10,0.8,False,4.3,0.88,1027.71,42340.82
P1665,gaming,Andijan,both,2024,5,177.75,349,17,3.3,False,4.2,1.15,3275.26,57065.57
P1666,gaming,Andijan,both,2024,6,177.99,386,16,21.3,True,4.5,1.01,1509.54,51828.91
P1667,gaming,Andijan,offline,2024,7,228.49,183,5,2.5,False,4.1,0.89,2529.79,42826.8
P1668,gaming,Andijan,offline,2024,8,211.64,220,11,4.3,False,3.9,0.99,2313.21,42330.75
P1669,gaming,Andijan,both,2024,9,219.53,287,6,1.6,False,4.7,0.97,4065.31,60700.92
P1670,gaming,Andijan,online,2024,10,197.56,208,8,1.7,False,4.4,0.97,2452.17,38840.3
P1671,gaming,Andijan,online,2024,11,224.96,246,9,0.3,False,4.2,0.96,2637.21,53155.57
P1672,gaming,Andijan,both,2024,12,170.06,407,22,3.5,False,4.3,1.2,2952.98,63181.54
P1673,gaming,Namangan,offline,2023,1,202.23,181,7,3.4,False,3.7,0.97,2082.37,33991.63
P1674,gaming,Namangan,offline,2023,2,240.18,155,10,3.9,False,4.2,1.04,1386.42,33467.88
P1675,gaming,Namangan,online,2023,3,211.75,158,4,3.7,False,4.3,0.97,804.17,31402.95
P1676,gaming,Namangan,both,2023,4,229.9,196,7,3.3,False,4.1,1.13,2071.64,42017.21
P1677,gaming,Namangan,offline,2023,5,213.76,203,6,30.3,True,4.7,1.15,2369.73,29351.17
P1678,gaming,Namangan,online,2023,6,214.19,204,10,4.7,False,4.3,1.07,2890.28,39599.88
P1679,gaming,Namangan,offline,2023,7,220.24,184,5,1.8,False,4.5,0.96,1869.11,38713.35
P1680,gaming,Namangan,online,2023,8,214.54,136,9,2.1,False,4.6,1.08,1032.5,26674.4
P1681,gaming,Namangan,offline,2023,9,214.01,136,9,1.2,False,3.8,1.0,1711.84,26853.12
P1682,gaming,Namangan,online,2023,10,231.41,190,5,28.2,True,4.3,1.15,3421.9,30738.19
P1683,gaming,Namangan,offline,2023,11,205.76,280,20,32.3,True,4.0,1.08,1464.42,36217.88
P1684,gaming,Namangan,both,2023,12,197.01,215,16,3.7,False,4.4,1.03,2953.94,37754.41
P1685,gaming,Namangan,both,2024,1,225.67,237,6,1.2,False,4.3,,2321.04,51504.21
P1686,gaming,Namangan,both,2024,2,178.11,341,15,34.4,True,3.9,0.94,3362.86,41137.08
P1687,gaming,Namangan,offline,2024,3,199.92,248,15,2.1,False,4.8,1.18,2071.45,45603.15
P1688,gaming,Namangan,both,2024,4,234.93,208,14,3.0,False,4.1,1.08,3735.81,44209.13
P1689,gaming,Namangan,offline,2024,5,224.17,170,13,1.5,False,3.8,0.89,2744.5,37440.11
P1690,gaming,Namangan,both,2024,6,180.31,375,13,4.9,False,4.6,0.88,4690.03,67039.79
P1691,gaming,Namangan,online,2024,7,191.35,363,23,32.6,,4.1,1.15,4819.96,43849.77
P1692,gaming,Namangan,both,2024,8,212.69,294,21,3.6,False,4.2,1.14,4343.65,55974.05
P1693,gaming,Namangan,offline,2024,9,221.69,195,12,4.1,False,4.1,0.87,2528.74,42018.4
P1694,gaming,Namangan,offline,2024,10,217.61,169,6,3.1,False,4.2,,1083.77,37120.52
P1695,gaming,Namangan,offline,2024,11,215.37,264,16,4.2,False,4.3,1.02,3645.16,51168.47
P1696,gaming,Namangan,online,2024,12,213.36,282,12,1.0,False,3.9,0.91,4367.16,61593.62
P1697,gaming,Namangan,both,2023,1,238.32,187,11,4.6,False,3.7,1.19,1421.47,40014.88
P1698,gaming,Namangan,both,2023,2,192.52,277,11,16.8,True,3.7,1.18,1442.05,42606.99
P1699,gaming,Namangan,both,2023,3,197.62,292,7,3.4,False,4.2,1.15,3862.04,54406.76
P1700,gaming,Namangan,online,2023,4,244.91,133,10,3.0,False,4.0,0.95,1974.95,29220.21
P1701,gaming,Namangan,offline,2023,5,219.55,130,7,1.3,False,4.4,1.09,1355.43,26653.59
P1702,gaming,Namangan,online,2023,6,222.71,209,13,29.3,True,4.0,1.11,1646.51,30861.37
P1703,gaming,Namangan,online,2023,7,232.61,207,15,34.9,True,4.6,1.11,1094.49,29074.39
P1704,gaming,Namangan,online,2023,8,218.6,162,12,1.9,False,4.1,1.05,1941.68,32166.99
P1705,gaming,Namangan,online,2023,9,225.58,236,9,0.7,False,4.0,0.89,1205.8,54916.07
P1706,gaming,Namangan,online,2023,10,221.48,229,8,4.6,False,4.2,1.16,2879.61,46695.51
P1707,gaming,Namangan,both,2023,11,187.16,320,21,34.9,True,4.5,1.08,4066.21,36430.51
P1708,gaming,Namangan,online,2023,12,204.91,206,9,29.1,True,4.7,1.2,3192.55,28620.39
P1709,gaming,Namangan,online,2024,1,210.94,226,15,2.5,False,4.3,0.88,3436.72,46867.28
P1710,gaming,Namangan,online,2024,2,221.19,261,14,26.7,True,4.1,1.19,2976.64,40046.67
P1711,gaming,Namangan,offline,2024,3,238.37,146,10,3.4,False,4.6,1.09,1519.11,31316.1
P1712,gaming,Namangan,offline,2024,4,194.7,239,16,0.4,False,4.3,1.08,2198.39,43244.43
P1713,gaming,Namangan,both,2024,5,235.05,208,16,3.3,False,4.0,1.11,3786.28,43640.32
P1714,gaming,Namangan,offline,2024,6,209.57,195,4,16.1,True,4.6,1.18,1752.48,33583.38
P1715,gaming,Namangan,offline,2024,7,172.48,355,10,32.0,True,4.2,1.11,3627.53,40463.81
P1716,gaming,Namangan,online,2024,8,226.86,214,13,1.6,False,4.0,0.9,2909.54,48458.82
P1717,gaming,Namangan,both,2024,9,210.7,313,16,2.4,,3.8,1.13,3748.02,61076.03
P1718,gaming,Namangan,offline,2024,10,217.12,157,5,2.3,False,4.4,1.09,998.92,32243.19
P1719,gaming,Namangan,offline,2024,11,203.24,223,16,2.2,False,4.0,,3361.76,44436.74
P1720,gaming,Namangan,both,2024,12,182.09,288,6,0.4,False,4.2,0.89,2385.84,55235.5
P1721,smart_home,Tashkent,online,2023,1,97.16,252,6,1.3,False,4.0,1.08,753.46,23590.64
P1722,smart_home,Tashkent,online,2023,2,126.96,184,10,1.5,False,4.1,1.01,1406.67,21759.67
P1723,smart_home,Tashkent,offline,2023,3,62.78,403,26,18.7,True,3.6,0.89,1317.2,20781.5
P1724,smart_home,Tashkent,online,2023,4,103.46,263,20,32.4,True,3.7,1.06,1338.82,16995.17
P1725,smart_home,Tashkent,offline,2023,5,113.0,222,9,3.5,False,4.0,0.85,670.17,25084.71
P1726,smart_home,Tashkent,online,2023,6,81.97,317,18,3.2,False,4.2,1.0,1495.76,23724.74
P1727,smart_home,Tashkent,both,2023,7,63.14,418,12,15.4,True,4.4,1.19,1274.48,21687.07
P1728,smart_home,Tashkent,both,2023,8,90.84,306,7,4.2,False,4.5,0.85,1607.35,28102.02
P1729,smart_home,Tashkent,both,2023,9,56.94,457,24,3.0,False,4.0,1.02,1443.22,23915.37
P1730,smart_home,Tashkent,offline,2023,10,88.68,309,15,3.6,False,4.4,1.0,1067.34,25133.33
P1731,smart_home,Tashkent,online,2023,11,98.64,265,20,2.5,False,3.8,0.86,974.5,25447.64
P1732,smart_home,Tashkent,online,2023,12,99.77,237,9,4.5,False,4.5,1.06,1668.14,21723.92
P1733,smart_home,Tashkent,offline,2024,1,96.06,313,18,31.7,True,4.0,1.13,2124.88,19354.65
P1734,smart_home,Tashkent,offline,2024,2,59.62,414,23,19.0,True,3.6,0.89,1109.71,20392.83
P1735,smart_home,Tashkent,both,2024,3,74.91,337,24,0.1,False,4.0,1.14,1859.71,23423.38
P1736,smart_home,Tashkent,online,2024,4,68.36,373,13,19.5,True,4.2,0.97,1053.45,19810.73
P1737,smart_home,Tashkent,online,2024,5,93.55,259,13,3.5,False,3.9,1.17,1121.09,22207.83
P1738,smart_home,Tashkent,offline,2024,6,101.02,220,14,3.1,,3.7,1.18,1542.74,20165.01
P1739,smart_home,Tashkent,online,2024,7,62.37,443,16,18.1,True,3.8,1.11,717.21,21811.6
P1740,smart_home,Tashkent,offline,2024,8,114.82,230,10,2.2,False,4.2,1.12,916.88,24704.67
P1741,smart_home,Tashkent,both,2024,9,53.49,440,28,1.9,False,3.8,0.9,1534.77,23348.69
P1742,smart_home,Tashkent,offline,2024,10,52.92,459,32,24.2,,4.4,1.13,1013.06,17128.4
P1743,smart_home,Tashkent,online,2024,11,98.31,303,11,16.7,True,4.3,0.87,1952.64,25825.53
P1744,smart_home,Tashkent,offline,2024,12,65.3,383,24,3.2,False,4.1,1.08,1280.17,22692.53
P1745,smart_home,Tashkent,online,2023,1,99.29,269,17,1.5,False,4.1,0.95,1379.99,24645.76
P1746,smart_home,Tashkent,both,2023,2,78.83,331,22,2.7,False,4.1,1.08,1613.79,23700.79
P1747,smart_home,Tashkent,both,2023,3,79.57,327,7,1.5,False,3.9,1.11,717.1,25080.46
P1748,smart_home,Tashkent,both,2023,4,80.37,347,10,30.1,True,4.5,0.86,1890.72,20446.78
P1749,smart_home,Tashkent,offline,2023,5,80.91,374,8,17.2,True,3.8,0.97,691.87,24519.61
P1750,smart_home,Tashkent,offline,2023,6,93.61,285,19,34.7,True,4.4,1.2,1438.95,16259.87
P1751,smart_home,Tashkent,both,2023,7,74.9,375,13,1.8,False,4.2,1.09,1765.61,26625.75
P1752,smart_home,Tashkent,offline,2023,8,97.87,296,7,22.2,True,3.6,1.1,2019.36,22005.29
P1753,smart_home,Tashkent,online,2023,9,59.09,434,22,22.4,True,3.8,0.99,918.65,18891.78
P1754,smart_home,Tashkent,offline,2023,10,111.26,251,19,2.4,False,3.9,1.14,800.39,25192.82
P1755,smart_home,Tashkent,online,2023,11,114.88,217,5,4.3,,4.2,1.11,1910.66,23307.31
P1756,smart_home,Tashkent,offline,2023,12,93.23,283,15,0.6,False,4.4,0.86,770.37,26822.59
P1757,smart_home,Tashkent,offline,2024,1,105.17,238,6,4.0,False,4.0,1.16,1835.82,23423.46
P1758,smart_home,Tashkent,online,2024,2,86.71,288,20,1.7,False,4.0,1.0,1358.09,22843.23
P1759,smart_home,Tashkent,offline,2024,3,84.98,324,18,3.6,False,4.1,1.01,1293.96,25067.74
P1760,smart_home,Tashkent,offline,2024,4,108.58,251,11,3.3,False,3.7,,1191.63,27215.19
P1761,smart_home,Tashkent,offline,2024,5,82.83,351,25,3.2,False,4.0,1.13,1815.45,26138.5
P1762,smart_home,Tashkent,offline,2024,6,74.53,378,8,26.5,True,3.7,1.05,883.59,20268.43
P1763,smart_home,Tashkent,offline,2024,7,117.97,225,4,0.9,False,4.2,1.1,1944.54,25836.73
P1764,smart_home,Tashkent,offline,2024,8,86.24,313,22,0.2,False,3.9,0.86,1247.65,27049.3
P1765,smart_home,Tashkent,offline,2024,9,94.35,265,6,0.6,False,4.2,0.94,634.51,26233.23
P1766,smart_home,Tashkent,online,2024,10,103.59,256,5,1.6,False,4.2,0.87,1150.83,27631.88
P1767,smart_home,Tashkent,online,2024,11,91.24,289,7,4.1,False,4.2,1.06,1307.31,24674.76
P1768,smart_home,Tashkent,both,2024,12,72.57,349,15,2.3,False,4.6,1.02,1125.77,23680.9
P1769,smart_home,Samarkand,online,2023,1,165.47,41,1,3.4,False,,0.96,301.25,6393.76
P1770,smart_home,Samarkand,online,2023,2,165.86,40,3,1.9,False,3.9,1.12,346.66,6020.22
P1771,smart_home,Samarkand,offline,2023,3,135.48,45,3,2.3,False,3.9,0.85,463.41,6004.03
P1772,smart_home,Samarkand,offline,2023,4,144.16,57,3,1.8,False,4.9,1.05,415.95,7644.52
P1773,smart_home,Samarkand,online,2023,5,142.71,53,1,2.0,False,4.3,0.95,347.3,7272.5
P1774,smart_home,Samarkand,offline,2023,6,156.46,43,1,1.7,False,4.4,1.11,317.3,6459.61
P1775,smart_home,Samarkand,online,2023,7,148.83,47,0,3.0,False,3.9,0.85,339.9,7327.97
P1776,smart_home,Samarkand,both,2023,8,156.1,70,4,3.5,False,3.7,1.04,734.71,9942.01
P1777,smart_home,Samarkand,offline,2023,9,155.18,47,1,28.4,True,4.3,0.98,223.41,5111.01
P1778,smart_home,Samarkand,both,2023,10,147.29,54,2,4.7,False,3.6,0.93,168.51,7883.03
P1779,smart_home,Samarkand,online,2023,11,136.87,51,1,3.1,False,4.1,1.02,291.64,6631.35
P1780,smart_home,Samarkand,online,2023,12,137.79,63,4,1.0,False,3.9,0.99,626.71,8048.31
P1781,smart_home,Samarkand,offline,2024,1,152.9,55,3,2.8,False,4.0,0.89,201.01,8346.43
P1782,smart_home,Samarkand,online,2024,2,150.49,48,1,3.9,False,4.1,1.09,574.39,6797.18
P1783,smart_home,Samarkand,offline,2024,3,151.84,47,3,2.3,False,3.6,0.87,544.7,7049.48
P1784,smart_home,Samarkand,offline,2024,4,155.2,48,2,2.3,False,3.5,1.12,544.03,6975.0
P1785,smart_home,Samarkand,online,2024,5,129.72,73,1,18.9,True,4.0,1.11,745.12,7574.61
P1786,smart_home,Samarkand,offline,2024,6,141.44,60,1,27.5,True,4.1,1.02,581.18,6050.1
P1787,smart_home,Samarkand,offline,2024,7,141.44,52,1,0.5,False,4.0,0.97,497.53,7177.37
P1788,smart_home,Samarkand,both,2024,8,146.9,92,5,3.1,,4.2,0.88,319.51,13374.84
P1789,smart_home,Samarkand,online,2024,9,130.8,76,5,0.6,,3.9,1.07,238.06,9231.08
P1790,smart_home,Samarkand,offline,2024,10,145.34,52,3,0.5,False,4.2,0.93,423.04,7652.93
P1791,smart_home,Samarkand,offline,2024,11,154.66,74,2,27.4,True,4.6,1.01,454.26,8084.39
P1792,smart_home,Samarkand,online,2024,12,149.09,86,4,18.9,True,3.9,1.07,453.6,9914.78
P1793,smart_home,Samarkand,offline,2023,1,142.99,44,1,4.0,False,4.0,1.19,410.6,5902.63
P1794,smart_home,Samarkand,online,2023,2,137.28,57,2,1.5,False,4.4,0.98,160.29,7437.14
P1795,smart_home,Samarkand,offline,2023,3,153.28,34,2,4.2,False,3.9,0.92,388.31,5074.87
P1796,smart_home,Samarkand,both,2023,4,148.61,77,4,4.9,False,4.2,0.97,625.98,10316.95
P1797,smart_home,Samarkand,both,2023,5,135.33,68,4,2.3,False,4.3,0.85,307.19,9138.86
P1798,smart_home,Samarkand,online,2023,6,157.81,44,1,4.8,False,4.2,1.11,224.41,6460.11
P1799,smart_home,Samarkand,online,2023,7,137.03,48,1,0.2,False,4.1,1.05,433.66,6427.53
P1800,smart_home,Samarkand,online,2023,8,159.84,54,2,29.4,True,4.3,1.04,265.09,5868.05
P1801,smart_home,Samarkand,online,2023,9,131.44,67,2,3.4,False,4.1,1.18,337.33,8253.12
P1802,smart_home,Samarkand,online,2023,10,159.97,60,4,4.9,False,4.0,1.16,697.82,8519.36
P1803,smart_home,Samarkand,online,2023,11,130.71,93,3,22.6,True,3.4,0.94,276.81,9833.68
P1804,smart_home,Samarkand,offline,2023,12,139.46,71,4,16.1,True,3.6,1.16,703.91,7839.46
P1805,smart_home,Samarkand,both,2024,1,133.62,65,3,2.4,False,4.4,1.11,509.86,8085.61
P1806,smart_home,Samarkand,offline,2024,2,143.34,53,3,1.9,False,4.2,1.1,377.48,7030.83
P1807,smart_home,Samarkand,online,2024,3,146.38,73,2,0.2,False,4.3,0.99,409.9,10372.19
P1808,smart_home,Samarkand,both,2024,4,133.29,104,2,2.8,False,4.7,0.88,646.95,14272.09
P1809,smart_home,Samarkand,offline,2024,5,151.76,55,2,2.1,False,,0.96,358.43,7874.37
P1810,smart_home,Samarkand,online,2024,6,129.59,84,4,31.9,True,4.4,1.08,730.99,7060.06
P1811,smart_home,Samarkand,both,2024,7,134.24,78,3,18.9,True,3.9,1.09,381.84,8165.15
P1812,smart_home,Samarkand,both,2024,8,141.67,112,8,3.7,False,4.6,0.85,602.45,15323.61
P1813,smart_home,Samarkand,both,2024,9,139.19,82,4,2.9,False,3.7,1.12,330.5,10541.97
P1814,smart_home,Samarkand,offline,2024,10,140.68,89,5,30.7,True,4.2,1.1,597.03,8189.26
P1815,smart_home,Samarkand,both,2024,11,151.99,72,2,3.5,False,3.7,0.98,598.06,10266.92
P1816,smart_home,Samarkand,online,2024,12,159.6,46,1,4.2,False,4.2,1.0,448.91,6880.36
P1817,smart_home,Bukhara,offline,2023,1,145.04,46,3,0.1,False,4.3,1.18,265.64,6230.48
P1818,smart_home,Bukhara,offline,2023,2,160.54,49,1,4.9,False,4.0,0.99,409.6,7328.33
P1819,smart_home,Bukhara,online,2023,3,156.84,67,1,16.9,True,4.0,1.09,518.23,8602.05
P1820,smart_home,Bukhara,online,2023,4,134.51,81,1,28.2,True,4.1,0.87,556.88,8344.35
P1821,smart_home,Bukhara,online,2023,5,139.52,48,2,0.6,False,4.0,1.18,481.79,6379.41
P1822,smart_home,Bukhara,online,2023,6,144.87,66,5,27.1,True,4.1,1.06,479.49,6442.22
P1823,smart_home,Bukhara,offline,2023,7,137.59,44,3,23.0,True,3.4,1.16,288.24,4343.72
P1824,smart_home,Bukhara,offline,2023,8,162.22,44,2,2.3,False,4.0,1.1,270.14,6656.54
P1825,smart_home,Bukhara,offline,2023,9,143.84,41,2,4.5,False,3.5,0.91,319.15,5785.91
P1826,smart_home,Bukhara,offline,2023,10,162.15,43,2,1.4,False,4.3,0.95,522.78,6555.08
P1827,smart_home,Bukhara,offline,2023,11,150.77,43,2,5.0,False,4.2,0.89,427.84,6342.29
P1828,smart_home,Bukhara,online,2023,12,149.98,48,1,2.3,False,4.1,1.09,467.82,6886.93
P1829,smart_home,Bukhara,offline,2024,1,142.82,65,1,0.1,False,4.3,1.11,455.68,9131.34
P1830,smart_home,Bukhara,online,2024,2,163.03,49,3,0.7,False,4.0,1.14,241.53,7446.88
P1831,smart_home,Bukhara,online,2024,3,142.42,66,4,16.6,True,4.0,0.98,310.19,7364.25
P1832,smart_home,Bukhara,online,2024,4,155.45,49,3,4.2,False,3.9,1.07,479.76,6850.37
P1833,smart_home,Bukhara,both,2024,5,130.87,74,4,0.0,False,,0.98,332.29,9160.9
P1834,smart_home,Bukhara,online,2024,6,138.15,78,4,1.0,False,3.4,0.93,785.95,10930.54
P1835,smart_home,Bukhara,both,2024,7,135.47,68,1,2.1,False,3.9,0.92,298.72,9596.75
P1836,smart_home,Bukhara,offline,2024,8,141.88,45,1,1.8,False,4.4,0.99,248.84,6130.35
P1837,smart_home,Bukhara,offline,2024,9,160.23,44,1,3.2,False,4.3,0.96,394.33,6669.41
P1838,smart_home,Bukhara,both,2024,10,142.07,121,9,18.4,True,4.2,1.06,1356.07,12984.06
P1839,smart_home,Bukhara,offline,2024,11,148.33,78,4,1.7,False,4.3,1.15,566.08,10789.82
P1840,smart_home,Bukhara,online,2024,12,141.72,68,2,3.2,False,3.9,1.06,764.24,9054.21
P1841,smart_home,Bukhara,online,2023,1,141.38,60,3,3.7,False,4.0,0.98,320.62,7760.49
P1842,smart_home,Bukhara,online,2023,2,153.21,46,2,33.9,True,,0.97,258.56,4455.96
P1843,smart_home,Bukhara,offline,2023,3,164.36,47,1,3.2,False,4.7,0.97,266.78,7318.62
P1844,smart_home,Bukhara,offline,2023,4,141.37,52,3,3.4,False,4.2,1.06,315.29,6691.61
P1845,smart_home,Bukhara,online,2023,5,163.89,36,1,0.3,False,4.0,0.92,150.48,6176.46
P1846,smart_home,Bukhara,offline,2023,6,138.81,62,3,0.4,False,4.0,0.96,544.78,8157.03
P1847,smart_home,Bukhara,online,2023,7,146.4,56,2,27.7,True,4.1,1.19,359.87,5715.75
P1848,smart_home,Bukhara,online,2023,8,155.62,53,3,3.8,False,4.0,1.13,174.76,7485.32
P1849,smart_home,Bukhara,offline,2023,9,159.65,59,1,3.0,False,4.1,1.01,444.75,8981.91
P1850,smart_home,Bukhara,offline,2023,10,141.08,38,1,2.3,False,3.9,0.92,111.35,5507.89
P1851,smart_home,Bukhara,offline,2023,11,161.54,52,4,4.7,False,3.9,1.07,464.51,7389.49
P1852,smart_home,Bukhara,offline,2023,12,142.78,86,3,18.9,True,4.3,0.94,918.29,10379.83
P1853,smart_home,Bukhara,both,2024,1,147.94,79,4,3.5,,4.5,0.93,257.94,11563.73
P1854,smart_home,Bukhara,both,2024,2,145.77,89,3,3.2,False,3.9,1.01,789.62,12135.06
P1855,smart_home,Bukhara,online,2024,3,153.55,74,4,0.1,False,3.7,0.99,626.88,10737.75
P1856,smart_home,Bukhara,both,2024,4,143.13,67,2,4.1,False,3.6,0.96,748.58,8922.01
P1857,smart_home,Bukhara,offline,2024,5,146.69,50,3,4.4,False,4.5,1.12,298.25,6591.08
P1858,smart_home,Bukhara,online,2024,6,140.34,76,6,1.5,False,4.3,1.14,214.33,9676.44
P1859,smart_home,Bukhara,online,2024,7,151.06,62,1,3.7,False,,0.92,289.58,9583.62
P1860,smart_home,Bukhara,both,2024,8,128.36,103,3,0.3,False,4.4,1.12,470.16,12797.49
P1861,smart_home,Bukhara,both,2024,9,142.53,94,2,4.3,False,4.0,0.95,543.0,12548.91
P1862,smart_home,Bukhara,offline,2024,10,133.98,66,4,0.3,False,4.4,0.85,485.88,8944.39
P1863,smart_home,Bukhara,both,2024,11,137.64,112,7,34.7,True,4.4,0.97,705.53,9437.29
P1864,smart_home,Bukhara,offline,2024,12,151.35,80,4,4.7,False,4.0,0.98,283.74,10961.98
P1865,smart_home,Andijan,offline,2023,1,151.75,34,2,3.5,False,4.2,1.06,372.21,4686.04
P1866,smart_home,Andijan,online,2023,2,143.59,58,3,3.1,False,4.0,1.02,373.0,7652.63
P1867,smart_home,Andijan,online,2023,3,155.45,63,2,0.1,False,4.6,0.96,456.94,9472.97
P1868,smart_home,Andijan,offline,2023,4,136.62,51,3,2.1,False,4.3,1.18,551.92,6420.05
P1869,smart_home,Andijan,both,2023,5,136.24,81,2,1.0,False,3.7,1.15,554.84,10655.33
P1870,smart_home,Andijan,online,2023,6,155.47,46,3,2.7,False,4.1,0.91,334.53,7025.09
P1871,smart_home,Andijan,online,2023,7,142.04,44,2,3.8,False,4.4,1.1,185.08,5738.98
P1872,smart_home,Andijan,both,2023,8,133.05,86,4,1.3,False,4.3,1.16,313.36,10768.27
P1873,smart_home,Andijan,online,2023,9,134.74,61,4,3.5,False,,1.06,481.96,7411.37
P1874,smart_home,Andijan,offline,2023,10,143.75,59,3,3.2,False,3.9,1.15,581.02,7792.4
P1875,smart_home,Andijan,online,2023,11,156.03,52,3,33.7,True,4.3,1.15,626.72,5068.95
P1876,smart_home,Andijan,offline,2023,12,159.7,50,1,34.6,True,4.3,0.98,485.15,5117.75
P1877,smart_home,Andijan,both,2024,1,133.54,84,4,2.0,False,3.9,1.18,787.83,10469.54
P1878,smart_home,Andijan,offline,2024,2,137.02,58,3,3.3,False,4.1,1.1,444.51,7287.41
P1879,smart_home,Andijan,online,2024,3,165.46,45,2,3.5,False,4.3,1.1,317.21,6865.76
P1880,smart_home,Andijan,both,2024,4,130.14,98,6,3.7,False,3.8,1.1,295.3,11529.88
P1881,smart_home,Andijan,both,2024,5,149.21,107,7,28.2,True,4.5,0.97,968.69,10713.28
P1882,smart_home,Andijan,both,2024,6,143.36,79,4,1.4,False,4.1,0.92,808.35,11449.59
P1883,smart_home,Andijan,offline,2024,7,149.28,87,5,32.0,True,3.9,0.9,802.06,8989.76
P1884,smart_home,Andijan,online,2024,8,152.21,67,4,15.2,True,4.1,1.05,619.01,8131.67
P1885,smart_home,Andijan,both,2024,9,136.35,143,3,33.5,True,4.3,0.87,1536.77,13709.73
P1886,smart_home,Andijan,offline,2024,10,146.67,77,1,2.0,False,4.1,0.93,556.97,11797.9
P1887,smart_home,Andijan,offline,2024,11,141.97,66,4,3.5,False,3.8,1.15,553.01,8494.07
P1888,smart_home,Andijan,online,2024,12,135.83,60,2,0.4,False,3.7,1.08,412.26,7846.63
P1889,smart_home,Andijan,online,2023,1,142.58,50,3,3.7,False,4.2,1.08,328.07,6453.31
P1890,smart_home,Andijan,offline,2023,2,159.39,45,3,18.7,True,4.4,0.86,382.75,5877.93
P1891,smart_home,Andijan,offline,2023,3,150.83,46,2,2.9,False,4.1,1.11,540.77,6444.06
P1892,smart_home,Andijan,both,2023,4,140.82,93,2,31.0,True,4.0,0.9,423.98,9549.46
P1893,smart_home,Andijan,online,2023,5,132.91,62,3,4.9,False,3.9,,632.15,7457.45
P1894,smart_home,Andijan,online,2023,6,146.17,66,3,3.9,False,4.4,1.01,526.97,8849.57
P1895,smart_home,Andijan,offline,2023,7,141.75,64,2,2.7,False,4.6,0.93,283.81,9235.31
P1896,smart_home,Andijan,online,2023,8,148.1,68,2,1.1,False,4.4,0.89,577.45,10440.45
P1897,smart_home,Andijan,online,2023,9,142.46,67,2,16.7,True,3.7,1.04,231.3,7713.5
P1898,smart_home,Andijan,both,2023,10,132.49,85,5,1.9,False,4.3,1.14,633.99,10397.82
P1899,smart_home,Andijan,offline,2023,11,127.36,87,2,27.1,True,4.2,1.04,265.46,7891.86
P1900,smart_home,Andijan,offline,2023,12,143.01,48,1,4.3,False,4.2,0.85,292.63,6947.05
P1901,smart_home,Andijan,both,2024,1,159.51,60,3,0.9,False,3.9,1.02,495.16,9010.24
P1902,smart_home,Andijan,both,2024,2,144.68,83,2,4.5,False,4.6,1.18,520.85,11191.72
P1903,smart_home,Andijan,online,2024,3,144.41,75,5,3.0,False,3.9,0.85,550.35,10589.88
P1904,smart_home,Andijan,online,2024,4,131.3,72,5,29.5,True,4.1,1.1,330.37,6201.96
P1905,smart_home,Andijan,offline,2024,5,164.88,46,2,4.0,,4.0,1.18,552.78,6964.53
P1906,smart_home,Andijan,both,2024,6,149.48,102,3,2.0,False,4.4,0.88,377.64,15662.75
P1907,smart_home,Andijan,both,2024,7,132.29,68,3,3.7,False,3.5,1.19,408.76,8280.69
P1908,smart_home,Andijan,offline,2024,8,147.91,58,4,5.0,False,4.1,1.09,380.28,7587.78
P1909,smart_home,Andijan,offline,2024,9,151.35,68,4,3.5,False,4.1,1.18,714.27,9347.38
P1910,smart_home,Andijan,both,2024,10,142.05,94,5,4.8,False,4.6,1.16,686.48,12035.61
P1911,smart_home,Andijan,online,2024,11,150.13,100,4,23.5,True,4.0,1.17,525.24,11025.55
P1912,smart_home,Andijan,offline,2024,12,144.01,47,1,1.5,,4.2,1.11,366.38,6525.09
P1913,smart_home,Namangan,online,2023,1,150.96,61,1,4.1,False,3.7,1.02,380.72,8686.24
P1914,smart_home,Namangan,offline,2023,2,136.24,42,1,4.5,False,4.2,0.97,149.23,5334.48
P1915,smart_home,Namangan,offline,2023,3,136.16,59,1,24.7,True,4.0,0.99,304.93,5946.65
P1916,smart_home,Namangan,offline,2023,4,142.89,70,2,31.8,True,3.9,0.97,460.48,6626.67
P1917,smart_home,Namangan,offline,2023,5,142.47,39,1,0.2,False,4.1,0.91,177.47,5835.27
P1918,smart_home,Namangan,offline,2023,6,148.81,42,2,2.8,False,3.5,1.1,246.83,5785.73
P1919,smart_home,Namangan,both,2023,7,156.16,73,3,4.2,False,4.2,0.86,334.38,11309.86
P1920,smart_home,Namangan,offline,2023,8,156.59,42,3,1.7,False,4.2,1.11,302.92,6003.19
P1921,smart_home,Namangan,online,2023,9,139.14,62,3,0.8,False,4.1,1.15,687.16,8143.59
P1922,smart_home,Namangan,online,2023,10,156.71,45,2,4.0,False,4.6,1.03,217.7,6468.99
P1923,smart_home,Namangan,both,2023,11,133.97,83,1,0.7,False,4.8,1.0,633.68,10908.64
P1924,smart_home,Namangan,online,2023,12,149.24,67,2,19.6,True,4.1,1.02,505.87,7799.28
P1925,smart_home,Namangan,offline,2024,1,143.67,46,2,1.8,False,4.1,0.86,152.85,6704.31
P1926,smart_home,Namangan,both,2024,2,125.6,105,8,18.7,True,4.2,0.98,504.59,9904.94
P1927,smart_home,Namangan,online,2024,3,137.53,80,3,29.8,True,4.2,0.98,649.31,7434.05
P1928,smart_home,Namangan,online,2024,4,133.33,73,1,3.7,False,3.7,1.06,727.36,9244.57
P1929,smart_home,Namangan,offline,2024,5,129.38,84,3,25.9,True,4.0,0.92,687.35,8386.76
P1930,smart_home,Namangan,online,2024,6,153.32,79,5,32.1,True,3.2,1.19,892.61,7703.72
P1931,smart_home,Namangan,offline,2024,7,131.73,72,5,2.1,False,4.0,1.06,586.17,8640.57
P1932,smart_home,Namangan,online,2024,8,146.64,85,3,29.8,True,4.1,1.09,900.12,8441.18
P1933,smart_home,Namangan,both,2024,9,138.46,128,4,23.0,True,4.2,0.93,1095.33,14277.77
P1934,smart_home,Namangan,both,2024,10,146.79,86,3,2.6,False,4.3,0.93,788.94,12816.14
P1935,smart_home,Namangan,offline,2024,11,134.3,56,4,18.0,True,4.3,1.13,440.3,5726.55
P1936,smart_home,Namangan,online,2024,12,131.08,66,3,1.7,False,4.0,0.98,216.24,8117.65
P1937,smart_home,Namangan,both,2023,1,140.64,76,3,3.1,False,4.6,1.14,354.4,9948.45
P1938,smart_home,Namangan,both,2023,2,147.52,113,7,30.6,True,4.3,0.89,1079.3,11720.33
P1939,smart_home,Namangan,offline,2023,3,151.67,57,3,2.8,False,4.1,1.05,591.88,7960.85
P1940,smart_home,Namangan,both,2023,4,139.05,78,1,33.0,,4.3,0.91,337.33,7747.48
P1941,smart_home,Namangan,both,2023,5,143.41,93,2,15.4,True,4.2,1.06,322.32,11040.56
P1942,smart_home,Namangan,online,2023,6,129.45,87,5,25.5,True,4.4,1.13,632.91,7908.1
P1943,smart_home,Namangan,offline,2023,7,146.93,78,2,15.9,True,4.2,1.07,238.49,9391.18
P1944,smart_home,Namangan,both,2023,8,154.92,56,3,1.7,False,4.2,0.92,423.59,8716.87
P1945,smart_home,Namangan,offline,2023,9,146.34,41,0,0.8,False,3.9,0.89,416.97,6428.1
P1946,smart_home,Namangan,online,2023,10,133.65,73,1,33.2,True,3.7,1.0,281.4,6428.03
P1947,smart_home,Namangan,offline,2023,11,152.77,82,2,31.5,True,4.2,0.89,968.99,9041.54
P1948,smart_home,Namangan,offline,2023,12,164.25,41,3,4.6,False,4.2,1.06,206.63,5954.39
P1949,smart_home,Namangan,offline,2024,1,136.93,59,2,3.3,False,4.2,0.89,605.71,8151.24
P1950,smart_home,Namangan,offline,2024,2,152.0,65,1,0.4,False,3.8,1.18,285.72,9689.09
P1951,smart_home,Namangan,offline,2024,3,155.7,51,2,3.9,False,4.5,1.19,291.49,7331.76
P1952,smart_home,Namangan,online,2024,4,146.36,48,2,1.6,False,4.3,1.09,314.99,6624.84
P1953,smart_home,Namangan,both,2024,5,142.39,98,4,1.2,False,3.7,1.04,966.81,13224.04
P1954,smart_home,Namangan,offline,2024,6,150.71,54,3,3.5,False,4.1,1.1,277.61,7417.19
P1955,smart_home,Namangan,online,2024,7,152.73,43,3,4.8,False,4.4,1.15,472.89,5815.96
P1956,smart_home,Namangan,both,2024,8,153.21,90,3,33.3,True,4.2,1.14,322.0,8890.62
P1957,smart_home,Namangan,online,2024,9,141.12,70,5,0.1,False,3.8,1.08,241.29,9163.63
P1958,smart_home,Namangan,both,2024,10,142.36,63,1,0.4,False,4.4,1.05,617.25,8791.01
P1959,smart_home,Namangan,online,2024,11,143.62,98,4,21.0,True,3.8,1.09,523.67,10665.22
P1960,smart_home,Namangan,online,2024,12,157.57,47,0,2.5,False,4.5,1.14,450.23,7220.65
P1961,cables_chargers,Tashkent,both,2023,1,13.74,1407,63,3.5,False,4.2,1.03,1520.97,17820.23
P1962,cables_chargers,Tashkent,online,2023,2,13.56,1109,59,29.9,True,4.5,1.14,1037.53,9980.84
P1963,cables_chargers,Tashkent,offline,2023,3,13.94,924,54,4.0,False,3.8,0.88,723.78,12574.11
P1964,cables_chargers,Tashkent,both,2023,4,12.8,1293,84,26.9,True,3.9,0.96,878.85,11312.37
P1965,cables_chargers,Tashkent,offline,2023,5,15.18,905,61,26.3,True,4.1,1.18,281.75,9442.39
P1966,cables_chargers,Tashkent,offline,2023,6,15.67,934,73,29.5,True,3.9,1.1,378.23,9511.77
P1967,cables_chargers,Tashkent,offline,2023,7,15.5,233,10,2.9,False,3.3,0.95,105.07,3356.26
P1968,cables_chargers,Tashkent,offline,2023,8,17.98,223,13,4.0,False,3.5,1.12,118.93,3624.77
P1969,cables_chargers,Tashkent,both,2023,9,15.27,1276,85,1.7,False,3.6,1.15,893.44,17877.4
P1970,cables_chargers,Tashkent,both,2023,10,17.01,242,7,0.4,False,4.0,1.07,205.21,3981.36
P1971,cables_chargers,Tashkent,both,2023,11,13.72,1882,47,30.6,True,4.0,1.18,766.58,17472.28
P1972,cables_chargers,Tashkent,online,2023,12,17.73,172,8,1.3,False,3.9,0.94,221.4,3099.51
P1973,cables_chargers,Tashkent,offline,2024,1,13.8,819,36,32.2,True,4.2,,474.74,7912.14
P1974,cables_chargers,Tashkent,both,2024,2,16.44,332,24,1.3,False,3.3,1.09,312.4,4997.69
P1975,cables_chargers,Tashkent,offline,2024,3,15.0,244,9,4.3,False,4.0,0.88,158.45,3643.29
P1976,cables_chargers,Tashkent,offline,2024,4,15.78,1057,26,24.3,True,4.1,1.11,1251.75,12315.77
P1977,cables_chargers,Tashkent,both,2024,5,15.96,272,13,5.0,False,3.7,0.95,96.79,3926.96
P1978,cables_chargers,Tashkent,online,2024,6,13.86,784,33,3.0,False,3.5,1.18,453.01,10096.59
P1979,cables_chargers,Tashkent,offline,2024,7,18.12,254,9,3.4,False,,0.87,203.91,4631.54
P1980,cables_chargers,Tashkent,online,2024,8,15.51,900,62,1.3,False,3.7,0.88,1034.34,13854.68
P1981,cables_chargers,Tashkent,online,2024,9,16.47,202,12,2.4,False,4.0,0.97,204.85,3054.2
P1982,cables_chargers,Tashkent,offline,2024,10,12.83,1293,73,28.4,True,4.2,0.96,1313.57,11207.26
P1983,cables_chargers,Tashkent,both,2024,11,13.46,1111,32,2.3,False,3.9,1.19,663.71,14189.3
P1984,cables_chargers,Tashkent,offline,2024,12,13.41,1102,86,24.0,True,3.7,0.88,489.4,11183.04
P1985,cables_chargers,Tashkent,both,2023,1,16.28,224,17,1.7,False,4.2,0.86,250.99,3577.68
P1986,cables_chargers,Tashkent,online,2023,2,17.29,248,11,3.2,False,3.7,0.99,176.37,3966.6
P1987,cables_chargers,Tashkent,offline,2023,3,14.75,593,18,2.1,False,3.5,0.98,618.44,8303.14
P1988,cables_chargers,Tashkent,offline,2023,4,18.15,208,16,4.3,False,3.6,1.13,99.02,3334.95
P1989,cables_chargers,Tashkent,offline,2023,5,17.61,194,5,4.6,False,3.4,0.86,127.75,3429.21
P1990,cables_chargers,Tashkent,offline,2023,6,13.9,981,26,24.4,True,3.9,1.19,1020.53,10035.52
P1991,cables_chargers,Tashkent,offline,2023,7,13.52,901,30,1.9,False,3.7,0.94,856.47,12476.35
P1992,cables_chargers,Tashkent,both,2023,8,16.07,360,10,0.1,False,4.4,0.98,399.19,5618.88
P1993,cables_chargers,Tashkent,both,2023,9,17.93,373,29,1.2,False,4.0,1.14,455.31,6093.9
P1994,cables_chargers,Tashkent,offline,2023,10,13.4,1164,59,33.1,True,4.2,1.0,405.14,9905.88
P1995,cables_chargers,Tashkent,both,2023,11,14.74,1382,49,3.1,False,3.1,0.92,521.41,20562.47
P1996,cables_chargers,Tashkent,offline,2023,12,16.46,578,14,4.6,False,3.6,0.98,614.03,8856.4
P1997,cables_chargers,Tashkent,online,2024,1,14.49,785,29,4.5,False,3.6,1.12,763.95,10461.49
P1998,cables_chargers,Tashkent,both,2024,2,16.72,377,20,3.2,False,3.8,0.89,299.71,6240.27
P1999,cables_chargers,Tashkent,offline,2024,3,13.66,952,39,24.9,True,4.0,1.02,277.22,9366.16
P2000,cables_chargers,Tashkent,online,2024,4,16.23,242,18,1.6,False,3.5,1.13,120.93,3577.35
P2001,cables_chargers,Tashkent,online,2024,5,12.93,1192,94,34.5,True,3.4,1.04,454.72,9299.13
P2002,cables_chargers,Tashkent,both,2024,6,15.11,219,6,2.6,False,3.8,1.15,88.97,3134.75
P2003,cables_chargers,Tashkent,online,2024,7,18.09,250,12,1.3,False,4.1,1.04,170.31,4249.45
P2004,cables_chargers,Tashkent,both,2024,8,15.51,289,17,0.9,False,3.7,1.16,165.24,4180.75
P2005,cables_chargers,Tashkent,offline,2024,9,16.29,746,36,4.8,False,4.0,1.11,837.95,11010.74
P2006,cables_chargers,Tashkent,offline,2024,10,16.28,219,5,3.2,False,3.6,0.91,78.53,3642.22
P2007,cables_chargers,Tashkent,offline,2024,11,17.1,253,10,4.8,False,4.0,0.96,291.83,3955.85
P2008,cables_chargers,Tashkent,offline,2024,12,15.05,1200,46,17.4,True,3.8,0.85,717.56,15493.38
P2009,cables_chargers,Samarkand,offline,2023,1,14.92,793,40,3.0,False,4.0,1.06,863.72,108977.2
P2010,cables_chargers,Samarkand,both,2023,2,13.4,1803,70,21.4,True,3.9,0.92,1646.84,19712.86
P2011,cables_chargers,Samarkand,offline,2023,3,15.77,149,6,1.6,False,3.6,1.08,167.69,2219.03
P2012,cables_chargers,Samarkand,both,2023,4,16.07,343,25,4.5,False,3.7,0.86,323.48,5270.72
P2013,cables_chargers,Samarkand,online,2023,5,13.39,1290,56,30.1,True,3.6,1.06,753.1,11549.76
P2014,cables_chargers,Samarkand,offline,2023,6,13.63,1003,57,1.9,False,3.7,0.86,312.65,13660.91
P2015,cables_chargers,Samarkand,online,2023,7,14.6,982,30,18.4,True,4.0,1.17,1138.0,11341.75
P2016,cables_chargers,Samarkand,both,2023,8,15.12,340,8,4.7,False,3.6,0.97,291.82,4783.91
P2017,cables_chargers,Samarkand,both,2023,9,14.18,1185,84,17.5,True,3.8,1.19,752.75,12880.05
P2018,cables_chargers,Samarkand,offline,2023,10,15.07,1061,41,34.5,True,3.2,1.11,536.44,10068.27
P2019,cables_chargers,Samarkand,online,2023,11,16.3,831,53,28.2,True,3.8,1.19,319.89,9105.25
P2020,cables_chargers,Samarkand,online,2023,12,12.92,1290,71,19.2,True,3.9,1.03,1191.8,12725.58
P2021,cables_chargers,Samarkand,both,2024,1,16.68,236,7,4.6,False,3.3,1.15,200.0,3644.01
P2022,cables_chargers,Samarkand,both,2024,2,13.43,1314,77,32.4,True,4.4,,1280.68,12128.76
P2023,cables_chargers,Samarkand,both,2024,3,11.35,1887,88,28.2,True,3.7,0.88,982.81,15833.44
P2024,cables_chargers,Samarkand,online,2024,4,16.09,159,9,0.5,False,4.5,1.11,116.03,2401.43
P2025,cables_chargers,Samarkand,online,2024,5,15.01,890,54,2.2,False,3.3,0.93,309.77,13254.08
P2026,cables_chargers,Samarkand,online,2024,6,14.38,817,51,27.4,True,3.2,0.99,306.38,7996.95
P2027,cables_chargers,Samarkand,both,2024,7,17.57,252,9,1.7,False,3.4,0.88,222.24,4532.68
P2028,cables_chargers,Samarkand,both,2024,8,15.44,383,9,1.6,False,3.5,0.92,437.55,6136.74
P2029,cables_chargers,Samarkand,online,2024,9,13.51,1125,27,20.3,True,3.5,1.06,1188.12,11822.68
P2030,cables_chargers,Samarkand,offline,2024,10,17.92,161,12,2.8,False,3.3,1.14,148.63,2595.32
P2031,cables_chargers,Samarkand,online,2024,11,15.79,870,55,24.1,True,4.0,1.02,575.01,9767.46
P2032,cables_chargers,Samarkand,online,2024,12,15.26,1115,82,4.3,False,3.8,1.06,455.42,15085.75
P2033,cables_chargers,Samarkand,offline,2023,1,17.82,246,7,3.3,False,3.6,1.11,343.67,4118.43
P2034,cables_chargers,Samarkand,offline,2023,2,17.1,244,17,4.8,False,3.8,1.09,308.56,3695.38
P2035,cables_chargers,Samarkand,offline,2023,3,17.44,165,7,4.4,False,3.0,0.96,64.65,2634.28
P2036,cables_chargers,Samarkand,offline,2023,4,15.25,745,50,4.8,False,4.3,0.95,888.09,10090.01
P2037,cables_chargers,Samarkand,offline,2023,5,18.44,154,9,3.1,False,3.7,1.13,59.45,2590.91
P2038,cables_chargers,Samarkand,online,2023,6,13.94,1099,65,23.6,True,4.0,,537.52,11893.25
P2039,cables_chargers,Samarkand,offline,2023,7,14.86,1259,31,18.1,True,3.7,0.92,1031.1,16140.79
P2040,cables_chargers,Samarkand,online,2023,8,15.51,1059,48,27.7,True,4.8,1.19,425.22,11337.08
P2041,cables_chargers,Samarkand,online,2023,9,17.3,218,11,1.6,False,3.7,0.9,200.85,3805.7
P2042,cables_chargers,Samarkand,online,2023,10,14.49,1155,83,22.5,True,3.6,1.0,473.91,12038.29
P2043,cables_chargers,Samarkand,offline,2023,11,14.89,905,40,2.1,False,3.7,1.05,1043.67,12609.37
P2044,cables_chargers,Samarkand,offline,2023,12,14.68,711,19,2.6,False,3.8,1.04,562.94,9894.44
P2045,cables_chargers,Samarkand,online,2024,1,15.09,202,14,4.0,False,3.7,0.87,212.74,2941.32
P2046,cables_chargers,Samarkand,offline,2024,2,16.74,178,4,1.7,False,3.8,1.11,180.17,2863.24
P2047,cables_chargers,Samarkand,both,2024,3,14.8,1251,41,24.9,True,3.5,0.96,715.66,13448.91
P2048,cables_chargers,Samarkand,both,2024,4,12.28,1579,88,15.0,True,3.3,0.89,500.49,16808.1
P2049,cables_chargers,Samarkand,online,2024,5,13.79,845,37,0.6,False,4.4,1.14,615.29,11075.47
P2050,cables_chargers,Samarkand,both,2024,6,13.8,1306,40,3.2,False,3.7,1.14,1071.42,16911.73
P2051,cables_chargers,Samarkand,online,2024,7,16.01,217,16,3.3,False,3.4,0.99,214.91,3111.82
P2052,cables_chargers,Samarkand,online,2024,8,16.71,158,3,2.8,False,3.8,0.96,155.0,2517.53
P2053,cables_chargers,Samarkand,both,2024,9,17.8,384,24,2.3,False,3.7,0.98,487.69,6260.62
P2054,cables_chargers,Samarkand,offline,2024,10,13.94,789,32,3.3,False,4.6,1.1,443.88,10204.34
P2055,cables_chargers,Samarkand,both,2024,11,15.7,361,27,2.0,False,3.6,1.02,337.45,5138.92
P2056,cables_chargers,Samarkand,offline,2024,12,13.97,865,66,1.6,False,3.6,0.97,689.38,10983.44
P2057,cables_chargers,Bukhara,offline,2023,1,13.16,1172,89,17.1,True,3.3,1.19,1056.72,11815.14
P2058,cables_chargers,Bukhara,both,2023,2,13.82,1775,80,30.1,True,3.9,0.87,1391.23,17683.93
P2059,cables_chargers,Bukhara,online,2023,3,17.01,236,17,4.2,False,3.6,0.98,318.47,3568.73
P2060,cables_chargers,Bukhara,offline,2023,4,14.47,855,25,19.0,True,4.2,1.13,847.72,9728.18
P2061,cables_chargers,Bukhara,online,2023,5,14.09,909,66,4.1,,3.6,1.04,311.46,11390.88
P2062,cables_chargers,Bukhara,online,2023,6,14.99,901,48,4.2,False,4.0,1.02,555.45,12249.44
P2063,cables_chargers,Bukhara,offline,2023,7,16.64,145,3,1.9,False,4.3,0.95,65.33,2317.99
P2064,cables_chargers,Bukhara,online,2023,8,18.3,174,6,4.6,False,4.0,1.1,76.67,2932.98
P2065,cables_chargers,Bukhara,both,2023,9,17.65,305,15,4.7,False,3.7,1.09,143.48,4877.93
P2066,cables_chargers,Bukhara,offline,2023,10,16.35,143,5,1.3,False,3.9,1.12,66.3,2226.97
P2067,cables_chargers,Bukhara,offline,2023,11,16.19,881,21,1.2,False,4.4,1.1,940.45,13756.32
P2068,cables_chargers,Bukhara,online,2023,12,15.33,904,47,0.4,,3.6,1.18,502.09,13085.26
P2069,cables_chargers,Bukhara,online,2024,1,14.22,1133,80,21.1,True,3.9,0.87,1070.06,12759.36
P2070,cables_chargers,Bukhara,both,2024,2,14.59,1328,30,2.8,False,,1.12,1195.98,18407.56
P2071,cables_chargers,Bukhara,offline,2024,3,18.09,197,8,4.9,False,3.9,0.87,120.89,3511.6
P2072,cables_chargers,Bukhara,offline,2024,4,14.92,1263,100,26.4,True,4.1,0.86,1190.74,13792.72
P2073,cables_chargers,Bukhara,both,2024,5,12.96,1194,70,22.0,True,3.8,1.06,753.94,11362.29
P2074,cables_chargers,Bukhara,online,2024,6,14.8,974,40,29.7,True,4.0,1.17,478.83,9717.71
P2075,cables_chargers,Bukhara,both,2024,7,15.02,1073,38,2.6,False,3.7,0.87,1193.03,16352.83
P2076,cables_chargers,Bukhara,both,2024,8,15.41,253,8,4.9,False,3.5,1.11,127.28,3590.45
P2077,cables_chargers,Bukhara,offline,2024,9,17.23,270,12,3.2,False,4.1,0.86,170.63,4647.34
P2078,cables_chargers,Bukhara,offline,2024,10,17.16,183,13,2.5,False,4.0,0.98,71.17,2844.27
P2079,cables_chargers,Bukhara,online,2024,11,13.98,1080,44,25.8,True,4.2,1.16,1137.84,10746.59
P2080,cables_chargers,Bukhara,both,2024,12,13.2,1447,66,4.1,False,3.9,1.0,1217.72,17481.8
P2081,cables_chargers,Bukhara,both,2023,1,15.12,1109,79,28.6,True,4.1,1.05,907.12,11119.55
P2082,cables_chargers,Bukhara,offline,2023,2,16.15,945,19,17.6,True,3.7,1.13,1176.04,12322.84
P2083,cables_chargers,Bukhara,online,2023,3,14.25,1077,44,27.3,True,3.5,1.13,866.81,10701.62
P2084,cables_chargers,Bukhara,online,2023,4,15.73,176,8,2.3,False,3.4,1.01,215.81,2581.86
P2085,cables_chargers,Bukhara,offline,2023,5,18.38,143,8,1.4,False,3.8,0.91,173.36,2642.28
P2086,cables_chargers,Bukhara,online,2023,6,15.51,223,5,3.1,False,3.9,0.89,77.16,3538.47
P2087,cables_chargers,Bukhara,offline,2023,7,16.51,571,35,0.3,False,3.8,1.09,673.57,8822.81
P2088,cables_chargers,Bukhara,offline,2023,8,14.14,720,36,2.2,False,4.0,0.93,402.62,10215.7
P2089,cables_chargers,Bukhara,offline,2023,9,17.97,215,8,0.7,False,3.9,0.99,228.41,3693.75
P2090,cables_chargers,Bukhara,offline,2023,10,14.23,636,47,4.7,False,3.5,0.86,511.72,8626.54
P2091,cables_chargers,Bukhara,both,2023,11,14.52,1187,39,1.7,False,3.8,1.1,738.8,16385.59
P2092,cables_chargers,Bukhara,both,2023,12,13.49,1189,64,25.1,True,3.7,1.04,723.14,11367.01
P2093,cables_chargers,Bukhara,both,2024,1,16.62,217,10,2.6,False,3.7,0.95,124.94,3350.89
P2094,cables_chargers,Bukhara,online,2024,2,17.56,209,7,0.6,False,4.4,1.11,267.23,3525.84
P2095,cables_chargers,Bukhara,offline,2024,3,17.12,255,11,3.0,False,3.5,1.14,120.13,4051.96
P2096,cables_chargers,Bukhara,offline,2024,4,15.5,216,8,1.3,False,4.0,0.96,83.33,3182.09
P2097,cables_chargers,Bukhara,offline,2024,5,15.84,891,64,4.5,False,4.0,0.94,751.89,13511.01
P2098,cables_chargers,Bukhara,both,2024,6,16.47,219,17,3.5,False,3.8,0.9,259.75,3467.34
P2099,cables_chargers,Bukhara,both,2024,7,16.72,288,7,3.6,False,4.3,1.06,274.46,4529.18
P2100,cables_chargers,Bukhara,both,2024,8,12.6,1809,84,23.2,True,3.4,1.14,851.5,16692.48
P2101,cables_chargers,Bukhara,offline,2024,9,16.24,903,22,33.7,True,4.1,0.98,864.69,9485.83
P2102,cables_chargers,Bukhara,offline,2024,10,18.18,222,8,0.5,False,3.6,0.97,217.33,3871.07
P2103,cables_chargers,Bukhara,both,2024,11,13.76,1193,36,1.6,False,4.1,1.11,1302.62,15665.59
P2104,cables_chargers,Bukhara,online,2024,12,13.65,965,26,1.4,False,4.2,0.95,610.34,12637.91
P2105,cables_chargers,Andijan,both,2023,1,13.14,1896,113,33.5,True,3.9,1.14,1626.65,15580.03
P2106,cables_chargers,Andijan,online,2023,2,16.07,833,58,0.0,False,4.0,0.86,430.88,13450.59
P2107,cables_chargers,Andijan,both,2023,3,15.33,1150,30,1.5,False,3.6,1.01,809.83,16912.06
P2108,cables_chargers,Andijan,online,2023,4,13.77,936,23,1.8,False,3.2,1.13,820.26,12345.71
P2109,cables_chargers,Andijan,online,2023,5,16.74,222,13,3.9,False,3.5,1.0,282.22,3362.21
P2110,cables_chargers,Andijan,both,2023,6,15.15,1264,73,0.2,False,4.4,0.85,540.26,19448.16
P2111,cables_chargers,Andijan,offline,2023,7,14.48,676,43,4.1,False,3.8,1.16,754.2,8790.04
P2112,cables_chargers,Andijan,both,2023,8,16.91,215,6,1.0,False,4.0,1.0,130.1,3498.85
P2113,cables_chargers,Andijan,offline,2023,9,15.76,788,29,0.9,False,3.8,1.02,842.06,11854.18
P2114,cables_chargers,Andijan,offline,2023,10,15.56,151,9,4.4,,4.0,0.95,183.65,2112.3
P2115,cables_chargers,Andijan,online,2023,11,16.12,208,12,0.6,False,3.7,1.02,228.95,3140.56
P2116,cables_chargers,Andijan,offline,2023,12,16.84,176,11,4.4,False,3.3,0.87,196.53,2868.85
P2117,cables_chargers,Andijan,online,2024,1,16.39,207,7,4.6,False,3.8,1.14,130.66,3127.21
P2118,cables_chargers,Andijan,offline,2024,2,17.25,167,9,4.7,,3.5,0.97,162.18,2597.4
P2119,cables_chargers,Andijan,online,2024,3,16.26,653,43,4.6,False,3.4,1.03,443.04,9462.34
P2120,cables_chargers,Andijan,online,2024,4,13.51,1187,88,31.0,True,3.7,0.97,528.19,10244.77
P2121,cables_chargers,Andijan,both,2024,5,18.18,216,9,0.5,False,3.6,0.96,132.73,3744.44
P2122,cables_chargers,Andijan,both,2024,6,14.72,1329,37,28.1,True,3.8,1.11,708.17,13674.11
P2123,cables_chargers,Andijan,online,2024,7,13.7,1326,92,15.3,True,3.7,1.11,1227.26,14319.21
P2124,cables_chargers,Andijan,online,2024,8,16.8,198,7,0.1,False,3.7,0.92,119.27,3462.04
P2125,cables_chargers,Andijan,offline,2024,9,18.43,159,7,2.8,,4.1,0.94,61.63,2940.75
P2126,cables_chargers,Andijan,offline,2024,10,15.4,217,17,1.1,False,3.6,0.99,113.38,3046.12
P2127,cables_chargers,Andijan,offline,2024,11,16.29,763,19,4.9,False,4.1,1.02,435.0,11525.89
P2128,cables_chargers,Andijan,online,2024,12,16.83,256,16,1.2,False,4.3,0.94,166.68,4309.99
P2129,cables_chargers,Andijan,online,2023,1,14.61,944,57,15.1,True,3.8,1.04,534.86,11002.25
P2130,cables_chargers,Andijan,offline,2023,2,16.41,775,19,5.0,False,3.3,0.89,787.93,12728.51
P2131,cables_chargers,Andijan,offline,2023,3,15.58,221,17,2.2,False,4.1,,234.79,3357.07
P2132,cables_chargers,Andijan,offline,2023,4,16.11,182,6,2.2,False,3.9,1.17,177.68,2772.98
P2133,cables_chargers,Andijan,offline,2023,5,15.52,212,6,2.6,False,3.4,1.03,115.4,3113.99
P2134,cables_chargers,Andijan,offline,2023,6,16.09,887,45,0.7,False,3.5,1.14,293.85,13452.95
P2135,cables_chargers,Andijan,offline,2023,7,14.71,785,48,18.8,True,3.5,0.87,555.68,9507.36
P2136,cables_chargers,Andijan,online,2023,8,15.9,700,25,4.6,False,3.7,1.14,802.31,10238.81
P2137,cables_chargers,Andijan,offline,2023,9,14.62,749,44,2.7,False,4.0,1.11,402.96,10028.81
P2138,cables_chargers,Andijan,online,2023,10,14.73,1304,86,21.6,,3.9,1.06,703.67,14065.85
P2139,cables_chargers,Andijan,both,2023,11,13.39,1162,92,3.9,False,4.3,0.9,465.05,14870.02
P2140,cables_chargers,Andijan,both,2023,12,15.12,867,51,2.2,False,4.1,0.96,655.75,12066.49
P2141,cables_chargers,Andijan,online,2024,1,16.67,199,10,1.6,False,3.2,1.14,256.5,3100.22
P2142,cables_chargers,Andijan,both,2024,2,13.81,1442,97,2.5,False,3.7,1.09,1064.89,18110.09
P2143,cables_chargers,Andijan,offline,2024,3,16.67,188,11,3.4,False,3.9,1.2,239.32,2850.27
P2144,cables_chargers,Andijan,offline,2024,4,14.13,1181,24,25.5,True,4.2,0.96,427.98,12179.57
P2145,cables_chargers,Andijan,offline,2024,5,12.57,1356,66,20.5,True,4.2,0.94,980.36,13922.45
P2146,cables_chargers,Andijan,both,2024,6,14.75,1533,75,3.2,False,3.9,1.02,1639.27,20817.32
P2147,cables_chargers,Andijan,both,2024,7,18.02,219,14,0.8,False,3.9,1.0,279.2,3664.55
P2148,cables_chargers,Andijan,online,2024,8,16.98,168,5,4.9,False,3.7,1.06,59.91,2632.12
P2149,cables_chargers,Andijan,both,2024,9,17.71,348,26,2.9,False,3.1,0.99,433.04,5537.24
P2150,cables_chargers,Andijan,offline,2024,10,14.61,1313,61,16.7,True,3.7,0.95,612.34,15237.0
P2151,cables_chargers,Andijan,offline,2024,11,12.61,1299,53,20.5,True,3.6,1.09,884.07,12491.09
P2152,cables_chargers,Andijan,offline,2024,12,14.17,850,66,26.8,True,4.1,1.12,810.89,8131.99
P2153,cables_chargers,Namangan,online,2023,1,15.83,229,13,4.2,False,4.0,1.11,101.37,3275.67
P2154,cables_chargers,Namangan,online,2023,2,16.23,159,4,1.1,False,3.7,1.16,79.03,2487.98
P2155,cables_chargers,Namangan,online,2023,3,17.01,203,11,1.7,False,3.4,1.14,76.67,3210.4
P2156,cables_chargers,Namangan,both,2023,4,17.34,235,16,1.7,False,3.9,1.13,132.22,3732.9
P2157,cables_chargers,Namangan,offline,2023,5,13.73,918,32,3.9,,3.7,0.89,749.95,12625.58
P2158,cables_chargers,Namangan,online,2023,6,14.09,1123,24,26.8,True,3.8,1.1,914.07,11334.95
P2159,cables_chargers,Namangan,both,2023,7,14.12,1416,105,17.0,True,3.7,0.92,425.97,16593.55
P2160,cables_chargers,Namangan,both,2023,8,14.16,1118,39,4.2,False,4.1,,637.55,14636.94
P2161,cables_chargers,Namangan,offline,2023,9,15.59,975,49,4.5,False,3.3,1.18,669.5,13786.7
P2162,cables_chargers,Namangan,online,2023,10,16.01,1042,33,4.7,False,4.0,1.19,1086.21,15394.85
P2163,cables_chargers,Namangan,online,2023,11,13.97,1090,74,3.8,,3.6,0.85,439.3,14746.5
P2164,cables_chargers,Namangan,both,2023,12,15.64,249,8,0.5,False,3.8,,275.49,3750.39
P2165,cables_chargers,Namangan,offline,2024,1,17.38,199,14,3.5,False,3.5,1.1,227.52,3102.76
P2166,cables_chargers,Namangan,online,2024,2,14.87,1260,87,33.0,True,3.3,1.11,852.04,11686.48
P2167,cables_chargers,Namangan,offline,2024,3,14.81,1075,60,19.4,True,3.8,0.97,1104.81,12115.91
P2168,cables_chargers,Namangan,offline,2024,4,13.93,894,29,0.9,False,3.5,1.0,502.81,11941.0
P2169,cables_chargers,Namangan,offline,2024,5,17.85,192,14,0.2,False,3.6,1.09,240.09,3170.95
P2170,cables_chargers,Namangan,offline,2024,6,15.39,1161,24,31.1,True,3.9,0.96,973.45,12056.42
P2171,cables_chargers,Namangan,offline,2024,7,16.26,265,10,3.9,False,3.8,1.06,293.63,3984.59
P2172,cables_chargers,Namangan,offline,2024,8,16.9,188,12,1.8,False,4.2,1.19,164.91,2920.86
P2173,cables_chargers,Namangan,offline,2024,9,18.23,189,6,3.0,False,4.0,,78.94,3236.01
P2174,cables_chargers,Namangan,online,2024,10,15.51,1143,40,28.7,True,3.4,0.97,669.56,12197.67
P2175,cables_chargers,Namangan,both,2024,11,14.94,285,16,1.6,False,3.6,0.86,273.87,4270.92
P2176,cables_chargers,Namangan,online,2024,12,15.39,903,32,23.6,True,3.6,1.19,852.45,10241.18
P2177,cables_chargers,Namangan,online,2023,1,15.01,923,22,2.3,False,3.7,1.19,807.27,13212.96
P2178,cables_chargers,Namangan,both,2023,2,16.43,844,38,3.7,False,3.9,0.86,1068.05,13772.81
P2179,cables_chargers,Namangan,online,2023,3,14.6,983,30,0.6,False,3.8,1.03,1022.63,13830.32
P2180,cables_chargers,Namangan,online,2023,4,17.62,202,13,2.2,False,4.1,1.12,130.31,3256.92
P2181,cables_chargers,Namangan,offline,2023,5,14.41,863,18,2.0,False,3.7,0.94,695.72,12887.55
P2182,cables_chargers,Namangan,both,2023,6,16.15,204,7,0.3,False,3.9,1.1,229.37,3172.01
P2183,cables_chargers,Namangan,offline,2023,7,18.24,183,7,0.1,False,3.6,1.01,215.48,3207.03
P2184,cables_chargers,Namangan,online,2023,8,14.02,715,55,4.3,False,4.1,1.07,538.1,8855.31
P2185,cables_chargers,Namangan,online,2023,9,13.18,1398,84,21.3,True,4.2,0.91,757.25,14720.05
P2186,cables_chargers,Namangan,offline,2023,10,16.8,256,8,2.5,False,,1.17,120.0,4062.24
P2187,cables_chargers,Namangan,offline,2023,11,18.49,166,5,2.9,False,4.1,1.11,135.26,2890.56
P2188,cables_chargers,Namangan,offline,2023,12,16.11,213,5,1.8,False,4.2,1.16,266.33,3290.56
P2189,cables_chargers,Namangan,both,2024,1,17.74,278,13,2.5,False,4.0,1.17,151.19,4583.57
P2190,cables_chargers,Namangan,online,2024,2,15.63,211,9,4.5,False,3.5,1.08,258.74,3015.18
P2191,cables_chargers,Namangan,offline,2024,3,16.02,641,35,5.0,False,3.7,0.96,359.37,9222.71
P2192,cables_chargers,Namangan,offline,2024,4,17.59,189,11,4.4,False,3.1,1.04,238.72,2993.26
P2193,cables_chargers,Namangan,both,2024,5,12.63,1496,112,33.7,True,3.7,1.16,612.57,11589.19
P2194,cables_chargers,Namangan,offline,2024,6,15.13,1188,59,34.5,True,4.0,0.89,1010.89,12083.64
P2195,cables_chargers,Namangan,online,2024,7,18.26,215,4,0.0,False,3.5,1.2,281.61,3852.86
P2196,cables_chargers,Namangan,online,2024,8,15.36,250,14,3.9,False,3.3,1.04,82.27,3483.59
P2197,cables_chargers,Namangan,offline,2024,9,17.84,197,8,3.8,False,3.7,1.08,160.67,3243.63
P2198,cables_chargers,Namangan,online,2024,10,15.44,1022,30,17.2,True,3.4,0.99,637.34,12682.05
P2199,cables_chargers,Namangan,both,2024,11,17.13,236,17,0.4,False,3.6,0.94,152.48,4035.38
P2200,cables_chargers,Namangan,offline,2024,12,15.32,887,25,3.8,False,3.8,0.95,451.98,12704.02
P2201,storage_devices,Tashkent,offline,2023,1,46.53,59,2,3.2,False,3.7,1.11,169.4,2567.34
P2202,storage_devices,Tashkent,online,2023,2,40.17,241,9,19.2,True,4.0,1.05,344.31,7530.11
P2203,storage_devices,Tashkent,both,2023,3,44.78,261,10,0.9,False,4.2,0.96,496.28,11138.62
P2204,storage_devices,Tashkent,both,2023,4,46.38,70,1,4.5,False,4.4,1.18,131.62,3056.21
P2205,storage_devices,Tashkent,online,2023,5,47.31,229,9,28.0,,3.3,1.17,762.7,7493.9
P2206,storage_devices,Tashkent,both,2023,6,47.0,58,2,3.3,False,4.1,0.88,108.42,2748.75
P2207,storage_devices,Tashkent,online,2023,7,53.73,57,1,4.9,False,,0.94,197.13,3090.36
P2208,storage_devices,Tashkent,offline,2023,8,49.68,53,2,0.2,False,3.8,1.04,67.09,2528.61
P2209,storage_devices,Tashkent,online,2023,9,50.07,62,2,0.3,False,3.6,1.01,162.1,2995.19
P2210,storage_devices,Tashkent,both,2023,10,41.26,230,7,0.4,False,3.7,1.04,312.21,9164.18
P2211,storage_devices,Tashkent,offline,2023,11,41.11,234,15,4.4,False,4.1,1.07,455.74,8606.95
P2212,storage_devices,Tashkent,online,2023,12,42.58,203,10,2.5,False,4.4,1.18,328.27,8012.49
P2213,storage_devices,Tashkent,both,2024,1,40.3,321,25,23.8,True,4.2,0.96,1015.0,9089.75
P2214,storage_devices,Tashkent,offline,2024,2,44.3,184,8,33.5,,3.8,1.07,426.43,5184.87
P2215,storage_devices,Tashkent,online,2024,3,46.55,170,8,1.6,False,4.1,1.06,429.39,7420.44
P2216,storage_devices,Tashkent,online,2024,4,44.99,317,9,27.2,True,4.1,1.18,1124.82,10087.84
P2217,storage_devices,Tashkent,offline,2024,5,50.63,168,11,2.4,False,3.8,0.97,350.75,7758.14
P2218,storage_devices,Tashkent,both,2024,6,48.87,67,2,3.8,,4.1,1.19,134.96,3055.84
P2219,storage_devices,Tashkent,both,2024,7,47.29,206,12,1.0,False,3.8,0.96,657.13,9082.52
P2220,storage_devices,Tashkent,online,2024,8,50.46,43,1,4.3,False,4.2,0.94,85.77,2190.45
P2221,storage_devices,Tashkent,offline,2024,9,45.29,63,3,3.3,False,4.2,0.95,160.93,2627.73
P2222,storage_devices,Tashkent,offline,2024,10,42.21,274,7,33.5,True,3.7,0.9,751.64,8094.17
P2223,storage_devices,Tashkent,online,2024,11,46.96,41,1,1.5,False,4.1,1.05,126.63,1850.22
P2224,storage_devices,Tashkent,online,2024,12,53.37,37,2,0.3,False,4.0,1.1,76.69,1862.35
P2225,storage_devices,Tashkent,both,2023,1,46.07,84,4,2.3,False,3.7,1.1,136.69,3600.83
P2226,storage_devices,Tashkent,both,2023,2,42.47,273,6,24.7,True,,1.03,867.01,8538.64
P2227,storage_devices,Tashkent,offline,2023,3,44.85,226,15,31.0,True,3.5,1.07,649.38,6529.71
P2228,storage_devices,Tashkent,offline,2023,4,48.6,192,4,4.2,False,3.9,1.17,528.16,8753.05
P2229,storage_devices,Tashkent,both,2023,5,41.64,266,19,2.3,False,3.9,0.88,652.06,10852.4
P2230,storage_devices,Tashkent,online,2023,6,43.82,239,13,0.1,False,3.5,0.85,729.9,10684.89
P2231,storage_devices,Tashkent,online,2023,7,41.81,244,9,28.5,True,3.5,1.12,555.65,7025.13
P2232,storage_devices,Tashkent,offline,2023,8,49.69,151,4,1.0,False,4.0,0.86,421.04,7809.9
P2233,storage_devices,Tashkent,both,2023,9,47.33,89,3,1.6,False,4.0,1.0,152.76,4005.25
P2234,storage_devices,Tashkent,both,2023,10,45.14,324,22,23.8,True,4.1,0.98,682.09,10387.8
P2235,storage_devices,Tashkent,both,2023,11,48.66,68,2,1.0,False,4.0,0.91,247.49,3433.8
P2236,storage_devices,Tashkent,both,2023,12,39.02,412,26,27.1,True,,0.96,505.74,10979.99
P2237,storage_devices,Tashkent,both,2024,1,46.04,60,1,2.3,False,4.0,1.15,114.03,2653.88
P2238,storage_devices,Tashkent,both,2024,2,47.15,86,2,5.0,False,3.6,1.08,175.91,3762.57
P2239,storage_devices,Tashkent,offline,2024,3,48.35,53,1,0.7,False,,0.9,158.12,2696.33
P2240,storage_devices,Tashkent,both,2024,4,39.07,453,20,22.4,True,3.8,0.91,537.07,14178.06
P2241,storage_devices,Tashkent,both,2024,5,38.66,341,9,4.4,False,4.1,0.96,758.27,12270.37
P2242,storage_devices,Tashkent,both,2024,6,39.9,341,7,32.8,True,4.2,1.16,1017.92,8955.48
P2243,storage_devices,Tashkent,online,2024,7,42.18,211,15,0.1,False,,0.89,432.02,8919.73
P2244,storage_devices,Tashkent,both,2024,8,51.07,56,2,3.2,False,4.4,1.01,212.13,2669.53
P2245,storage_devices,Tashkent,online,2024,9,52.2,56,3,2.4,False,4.0,0.93,81.23,2916.22
P2246,storage_devices,Tashkent,both,2024,10,42.48,275,7,32.7,True,3.7,0.93,363.05,8274.81
P2247,storage_devices,Tashkent,offline,2024,11,45.21,219,15,2.9,False,3.9,1.0,590.81,8955.38
P2248,storage_devices,Tashkent,offline,2024,12,48.7,62,1,0.2,False,3.7,0.91,86.29,3201.94
P2249,storage_devices,Samarkand,online,2023,1,51.13,44,1,2.4,False,3.5,1.05,106.02,2145.82
P2250,storage_devices,Samarkand,online,2023,2,48.35,38,2,3.8,False,3.5,0.97,135.14,1674.46
P2251,storage_devices,Samarkand,online,2023,3,51.82,51,2,3.3,False,3.8,0.98,154.7,2455.39
P2252,storage_devices,Samarkand,both,2023,4,39.24,300,11,26.0,True,3.9,1.16,452.3,8391.87
P2253,storage_devices,Samarkand,offline,2023,5,50.05,57,4,2.0,False,4.1,1.14,95.03,2599.6
P2254,storage_devices,Samarkand,online,2023,6,46.63,53,2,4.3,False,3.9,1.13,103.2,2275.87
P2255,storage_devices,Samarkand,online,2023,7,46.31,46,2,0.8,False,3.5,1.11,62.04,2021.34
P2256,storage_devices,Samarkand,both,2023,8,48.36,243,9,4.7,False,3.5,1.17,920.38,10784.38
P2257,storage_devices,Samarkand,both,2023,9,44.15,88,4,1.3,False,3.6,1.06,301.32,3660.39
P2258,storage_devices,Samarkand,online,2023,10,52.55,60,4,4.0,False,4.5,0.93,211.81,3051.1
P2259,storage_devices,Samarkand,offline,2023,11,45.71,57,2,4.8,False,4.0,1.11,199.74,2393.38
P2260,storage_devices,Samarkand,online,2023,12,40.15,236,9,0.6,False,3.8,0.89,546.85,9784.12
P2261,storage_devices,Samarkand,offline,2024,1,53.07,37,0,2.3,False,4.6,0.97,71.33,1918.43
P2262,storage_devices,Samarkand,both,2024,2,44.73,219,15,2.9,False,3.8,1.09,662.86,8860.3
P2263,storage_devices,Samarkand,both,2024,3,43.61,294,12,27.0,True,4.2,1.14,997.43,8977.55
P2264,storage_devices,Samarkand,offline,2024,4,48.65,169,5,1.4,False,3.6,1.03,371.45,7866.9
P2265,storage_devices,Samarkand,both,2024,5,53.16,54,2,1.2,False,3.5,0.89,191.92,2949.64
P2266,storage_devices,Samarkand,both,2024,6,43.72,267,11,4.6,False,3.7,1.06,646.94,10677.47
P2267,storage_devices,Samarkand,both,2024,7,47.28,223,13,1.8,False,4.2,0.99,681.72,9750.08
P2268,storage_devices,Samarkand,online,2024,8,45.27,218,14,4.7,False,,1.07,657.84,8801.03
P2269,storage_devices,Samarkand,offline,2024,9,47.78,257,19,17.0,True,4.1,1.15,432.37,9438.46
P2270,storage_devices,Samarkand,both,2024,10,43.66,248,11,0.2,False,3.4,1.2,387.53,10326.73
P2271,storage_devices,Samarkand,both,2024,11,36.8,443,18,23.0,True,4.1,1.15,652.52,12042.8
P2272,storage_devices,Samarkand,offline,2024,12,49.69,167,10,0.5,False,3.4,1.07,321.77,7762.32
P2273,storage_devices,Samarkand,offline,2023,1,46.87,220,15,22.0,True,4.3,1.19,405.91,7494.51
P2274,storage_devices,Samarkand,online,2023,2,45.48,222,11,3.8,False,3.6,0.99,623.34,9231.62
P2275,storage_devices,Samarkand,online,2023,3,42.34,280,17,20.3,True,3.6,1.17,310.81,8874.93
P2276,storage_devices,Samarkand,both,2023,4,44.92,243,19,0.4,False,3.8,1.0,245.01,10021.83
P2277,storage_devices,Samarkand,offline,2023,5,53.66,47,1,4.9,False,4.0,0.93,52.32,2535.2
P2278,storage_devices,Samarkand,online,2023,6,42.27,285,15,26.0,True,4.3,,853.82,8445.55
P2279,storage_devices,Samarkand,offline,2023,7,46.42,245,19,3.5,False,4.0,0.98,841.63,10123.74
P2280,storage_devices,Samarkand,both,2023,8,45.44,89,7,4.3,False,3.7,0.94,211.5,3851.13
P2281,storage_devices,Samarkand,online,2023,9,45.3,203,13,1.6,False,3.5,1.1,539.78,8469.29
P2282,storage_devices,Samarkand,offline,2023,10,45.73,50,2,3.1,False,3.6,1.0,176.49,2126.99
P2283,storage_devices,Samarkand,online,2023,11,45.74,149,4,4.3,False,3.9,1.1,369.29,6347.11
P2284,storage_devices,Samarkand,both,2023,12,44.86,282,22,4.7,False,3.8,0.93,596.18,12004.64
P2285,storage_devices,Samarkand,offline,2024,1,53.99,50,1,4.7,False,3.5,0.96,55.09,2521.17
P2286,storage_devices,Samarkand,offline,2024,2,55.45,37,1,3.1,False,3.8,1.11,131.21,1934.32
P2287,storage_devices,Samarkand,online,2024,3,43.68,166,8,3.2,False,4.0,1.18,394.74,6680.59
P2288,storage_devices,Samarkand,both,2024,4,45.73,80,2,1.7,False,4.0,0.97,228.42,35063.0
P2289,storage_devices,Samarkand,both,2024,5,46.98,67,3,4.9,False,3.6,1.03,66.81,2859.39
P2290,storage_devices,Samarkand,offline,2024,6,47.03,45,2,4.8,False,4.3,0.85,91.18,2079.24
P2291,storage_devices,Samarkand,online,2024,7,48.0,253,14,0.9,False,4.0,0.97,878.32,11368.75
P2292,storage_devices,Samarkand,both,2024,8,42.45,358,10,4.4,False,4.1,0.9,1050.72,15252.42
P2293,storage_devices,Samarkand,online,2024,9,46.7,288,11,31.1,True,3.8,0.91,687.4,9625.87
P2294,storage_devices,Samarkand,both,2024,10,43.49,379,28,4.7,False,4.2,1.04,714.21,14547.54
P2295,storage_devices,Samarkand,offline,2024,11,42.51,263,18,19.8,True,4.0,0.98,838.47,8352.79
P2296,storage_devices,Samarkand,both,2024,12,44.45,330,16,0.5,False,4.2,1.08,575.49,13887.51
P2297,storage_devices,Bukhara,offline,2023,1,50.9,43,1,1.0,False,3.7,1.18,99.76,2116.42
P2298,storage_devices,Bukhara,offline,2023,2,47.2,167,6,27.2,True,4.0,1.2,522.17,5532.22
P2299,storage_devices,Bukhara,both,2023,3,54.7,50,2,1.5,False,,1.07,176.01,2586.22
P2300,storage_devices,Bukhara,offline,2023,4,49.51,210,14,16.0,True,3.7,1.16,668.66,8151.33
P2301,storage_devices,Bukhara,offline,2023,5,48.4,229,17,17.0,True,4.3,0.88,357.07,9197.78
P2302,storage_devices,Bukhara,online,2023,6,46.92,62,4,3.4,False,3.6,0.85,100.14,2839.14
P2303,storage_devices,Bukhara,both,2023,7,43.33,361,25,1.9,False,4.1,0.94,940.28,15424.84
P2304,storage_devices,Bukhara,both,2023,8,42.3,342,24,1.0,False,3.9,1.11,525.96,13316.89
P2305,storage_devices,Bukhara,offline,2023,9,54.54,41,2,4.1,False,3.6,0.99,138.1,2039.85
P2306,storage_devices,Bukhara,offline,2023,10,46.32,51,2,4.5,False,3.7,0.91,93.65,2340.94
P2307,storage_devices,Bukhara,both,2023,11,38.07,420,15,25.7,True,3.8,0.89,1109.23,12372.3
P2308,storage_devices,Bukhara,both,2023,12,39.86,283,13,5.0,False,,0.89,380.36,11042.02
P2309,storage_devices,Bukhara,both,2024,1,36.36,437,20,27.3,True,4.2,0.86,1207.86,11904.69
P2310,storage_devices,Bukhara,both,2024,2,43.07,302,12,34.0,True,4.2,1.18,979.57,8243.6
P2311,storage_devices,Bukhara,offline,2024,3,40.39,272,6,20.8,True,4.0,1.08,509.01,8509.04
P2312,storage_devices,Bukhara,both,2024,4,42.53,316,24,17.9,True,4.1,0.87,820.96,11011.46
P2313,storage_devices,Bukhara,offline,2024,5,51.0,157,4,1.9,False,4.1,0.98,430.48,7654.74
P2314,storage_devices,Bukhara,both,2024,6,51.19,60,1,2.8,False,4.0,1.08,229.28,2935.64
P2315,storage_devices,Bukhara,both,2024,7,48.89,77,4,3.7,False,3.7,1.2,178.06,3436.92
P2316,storage_devices,Bukhara,both,2024,8,37.21,381,11,27.7,True,3.7,1.19,1133.43,9954.05
P2317,storage_devices,Bukhara,both,2024,9,45.61,86,5,2.3,False,3.7,0.99,276.17,3609.44
P2318,storage_devices,Bukhara,offline,2024,10,52.66,47,2,2.2,False,3.8,0.98,97.91,2317.57
P2319,storage_devices,Bukhara,offline,2024,11,47.37,41,2,1.0,False,3.7,1.17,102.73,1828.96
P2320,storage_devices,Bukhara,both,2024,12,41.12,243,14,0.5,False,3.5,0.96,699.18,9369.4
P2321,storage_devices,Bukhara,both,2023,1,50.52,57,2,0.8,False,3.7,1.01,177.5,2756.37
P2322,storage_devices,Bukhara,offline,2023,2,50.76,53,2,0.8,False,3.9,1.12,85.74,2568.05
P2323,storage_devices,Bukhara,offline,2023,3,51.35,146,11,1.6,False,3.5,1.16,454.11,6821.33
P2324,storage_devices,Bukhara,both,2023,4,39.86,260,10,32.1,True,3.6,,333.51,6766.24
P2325,storage_devices,Bukhara,online,2023,5,45.73,309,21,26.7,True,3.4,0.95,368.67,9653.79
P2326,storage_devices,Bukhara,offline,2023,6,50.69,45,1,3.1,False,4.0,1.04,109.89,2161.22
P2327,storage_devices,Bukhara,both,2023,7,42.07,359,16,0.7,False,,0.98,645.84,14329.0
P2328,storage_devices,Bukhara,online,2023,8,46.28,298,9,26.7,True,3.7,1.16,1078.74,9803.82
P2329,storage_devices,Bukhara,both,2023,9,43.72,364,10,0.3,False,3.8,0.9,1266.34,16664.89
P2330,storage_devices,Bukhara,both,2023,10,45.88,252,6,4.7,False,4.2,1.06,785.73,10756.02
P2331,storage_devices,Bukhara,online,2023,11,54.07,40,1,1.0,False,3.2,1.02,160.8,2087.64
P2332,storage_devices,Bukhara,online,2023,12,44.0,233,15,15.8,True,3.8,1.12,486.82,8076.46
P2333,storage_devices,Bukhara,online,2024,1,50.99,65,1,3.7,False,3.4,0.98,73.44,3142.62
P2334,storage_devices,Bukhara,offline,2024,2,53.54,57,2,3.9,False,4.3,0.97,233.69,2829.86
P2335,storage_devices,Bukhara,both,2024,3,54.0,61,1,4.6,False,3.8,1.03,88.32,3090.96
P2336,storage_devices,Bukhara,both,2024,4,48.85,53,3,0.8,False,3.7,1.12,185.95,2422.96
P2337,storage_devices,Bukhara,online,2024,5,42.7,327,18,18.1,True,4.1,1.16,937.86,10806.13
P2338,storage_devices,Bukhara,online,2024,6,44.8,295,7,16.6,True,3.7,1.18,267.37,10760.6
P2339,storage_devices,Bukhara,both,2024,7,42.05,265,12,25.6,,4.2,1.06,347.27,7915.16
P2340,storage_devices,Bukhara,online,2024,8,44.06,154,4,0.0,False,4.7,0.92,194.29,7137.72
P2341,storage_devices,Bukhara,offline,2024,9,41.13,222,8,0.9,False,4.1,1.07,507.11,8722.6
P2342,storage_devices,Bukhara,offline,2024,10,53.57,47,2,3.7,False,3.9,1.08,196.61,2321.46
P2343,storage_devices,Bukhara,online,2024,11,49.01,38,2,3.7,False,4.0,1.12,117.27,1699.08
P2344,storage_devices,Bukhara,online,2024,12,54.23,55,3,1.8,False,3.8,1.09,71.44,2769.2
P2345,storage_devices,Andijan,online,2023,1,49.84,56,3,2.5,False,3.5,0.92,154.16,2781.52
P2346,storage_devices,Andijan,online,2023,2,54.54,48,3,4.2,False,4.9,1.01,193.58,2351.22
P2347,storage_devices,Andijan,offline,2023,3,39.08,279,10,17.8,True,4.3,0.99,227.19,8641.29
P2348,storage_devices,Andijan,both,2023,4,46.38,73,3,0.5,False,3.9,0.9,136.24,3488.8
P2349,storage_devices,Andijan,online,2023,5,50.31,63,3,1.1,False,,1.18,93.78,2985.4
P2350,storage_devices,Andijan,both,2023,6,36.69,447,16,24.5,True,3.6,0.93,1256.28,12894.24
P2351,storage_devices,Andijan,both,2023,7,46.47,61,3,3.2,False,3.8,0.9,104.64,2817.73
P2352,storage_devices,Andijan,both,2023,8,47.96,258,12,0.3,False,4.0,1.0,402.98,11762.77
P2353,storage_devices,Andijan,online,2023,9,45.55,316,21,34.5,True,3.5,0.97,455.75,8801.4
P2354,storage_devices,Andijan,online,2023,10,41.4,260,8,3.0,False,3.8,1.14,530.83,10119.82
P2355,storage_devices,Andijan,offline,2023,11,46.51,243,6,27.5,True,3.5,1.16,875.86,7991.58
P2356,storage_devices,Andijan,online,2023,12,42.4,240,17,0.7,False,3.9,0.87,354.08,10140.13
P2357,storage_devices,Andijan,offline,2024,1,42.64,191,7,1.4,False,4.3,1.04,565.6,7735.92
P2358,storage_devices,Andijan,offline,2024,2,49.35,150,4,3.7,False,3.9,,273.5,6938.51
P2359,storage_devices,Andijan,both,2024,3,43.37,202,4,0.7,False,3.6,0.88,419.61,9209.32
P2360,storage_devices,Andijan,both,2024,4,40.12,403,10,30.2,True,3.5,0.95,591.07,11005.48
P2361,storage_devices,Andijan,both,2024,5,54.63,55,3,0.6,False,3.6,0.96,189.98,2823.72
P2362,storage_devices,Andijan,offline,2024,6,44.51,184,4,4.2,False,3.8,0.95,441.74,7675.3
P2363,storage_devices,Andijan,offline,2024,7,46.38,55,1,0.3,False,4.1,1.18,86.99,2497.01
P2364,storage_devices,Andijan,both,2024,8,52.16,68,3,2.5,False,4.2,1.03,207.52,3305.64
P2365,storage_devices,Andijan,offline,2024,9,41.68,314,23,17.3,True,3.9,1.08,699.67,10030.58
P2366,storage_devices,Andijan,online,2024,10,47.74,38,1,1.2,False,4.1,1.15,90.77,1745.18
P2367,storage_devices,Andijan,online,2024,11,49.65,150,9,2.5,False,3.8,0.86,412.44,7371.68
P2368,storage_devices,Andijan,online,2024,12,50.75,59,4,1.8,False,3.5,0.91,98.11,2960.29
P2369,storage_devices,Andijan,offline,2023,1,47.31,162,4,2.6,False,4.0,0.97,303.68,7280.63
P2370,storage_devices,Andijan,online,2023,2,46.06,216,10,28.0,True,4.3,0.99,309.31,6831.62
P2371,storage_devices,Andijan,online,2023,3,41.64,243,15,2.9,False,4.1,1.16,698.9,9218.6
P2372,storage_devices,Andijan,offline,2023,4,47.04,263,13,20.0,True,3.5,0.96,408.08,9408.0
P2373,storage_devices,Andijan,online,2023,5,52.23,56,2,2.3,False,3.9,1.02,163.22,2755.55
P2374,storage_devices,Andijan,both,2023,6,41.8,208,4,0.0,False,3.2,0.87,179.74,9209.38
P2375,storage_devices,Andijan,online,2023,7,47.94,256,10,16.9,True,3.4,,519.98,9800.18
P2376,storage_devices,Andijan,online,2023,8,46.8,36,1,0.7,False,3.3,1.18,133.09,1626.53
P2377,storage_devices,Andijan,both,2023,9,41.53,408,30,32.6,True,4.0,1.1,801.71,10580.68
P2378,storage_devices,Andijan,both,2023,10,50.85,50,3,0.3,False,4.0,0.93,111.49,2573.4
P2379,storage_devices,Andijan,offline,2023,11,41.56,238,17,15.3,True,3.5,1.16,619.14,7779.49
P2380,storage_devices,Andijan,both,2023,12,45.78,321,19,18.8,True,3.3,1.13,1171.96,11226.35
P2381,storage_devices,Andijan,online,2024,1,47.08,212,13,4.0,False,3.9,,419.58,9713.69
P2382,storage_devices,Andijan,both,2024,2,51.27,88,3,2.7,False,3.7,1.07,200.41,4240.29
P2383,storage_devices,Andijan,offline,2024,3,41.66,226,16,3.4,False,3.8,1.19,237.14,8451.15
P2384,storage_devices,Andijan,online,2024,4,40.91,340,20,25.8,True,3.6,1.16,564.82,9713.67
P2385,storage_devices,Andijan,both,2024,5,51.08,65,4,3.7,False,3.2,1.13,230.69,3000.59
P2386,storage_devices,Andijan,offline,2024,6,44.34,254,13,2.6,False,3.5,0.94,597.21,11240.76
P2387,storage_devices,Andijan,both,2024,7,41.26,339,23,1.6,False,3.4,1.03,967.37,12829.55
P2388,storage_devices,Andijan,online,2024,8,45.98,60,2,3.2,False,4.4,1.14,203.36,2581.5
P2389,storage_devices,Andijan,online,2024,9,38.67,319,7,17.9,True,4.1,0.99,857.5,9905.4
P2390,storage_devices,Andijan,offline,2024,10,38.69,295,9,17.4,True,3.8,1.12,277.12,9139.97
P2391,storage_devices,Andijan,online,2024,11,49.3,48,1,3.5,False,3.7,1.0,131.05,2236.0
P2392,storage_devices,Andijan,offline,2024,12,45.54,49,1,1.6,False,4.0,1.1,159.93,2150.95
P2393,storage_devices,Namangan,offline,2023,1,51.36,52,4,1.8,False,3.8,0.86,131.52,2614.57
P2394,storage_devices,Namangan,both,2023,2,52.44,51,3,3.6,False,3.9,1.01,173.69,2426.5
P2395,storage_devices,Namangan,online,2023,3,53.19,44,1,4.3,False,3.9,0.89,167.95,2363.93
P2396,storage_devices,Namangan,both,2023,4,49.27,69,2,3.5,,3.9,1.17,201.33,3185.55
P2397,storage_devices,Namangan,online,2023,5,49.32,199,5,1.5,False,3.8,0.89,287.45,10178.52
P2398,storage_devices,Namangan,both,2023,6,43.43,345,25,31.1,True,4.2,1.12,339.11,9575.45
P2399,storage_devices,Namangan,online,2023,7,41.89,243,15,2.2,False,4.0,0.9,655.76,10088.06
P2400,storage_devices,Namangan,both,2023,8,51.77,64,3,0.1,False,3.8,1.09,192.47,3154.81
P2401,storage_devices,Namangan,online,2023,9,49.37,52,1,0.3,False,4.2,0.99,192.94,2510.32
P2402,storage_devices,Namangan,both,2023,10,50.74,56,2,3.3,False,3.8,1.2,120.47,2649.54
P2403,storage_devices,Namangan,online,2023,11,41.72,303,10,26.2,True,4.0,1.1,261.31,9021.28
P2404,storage_devices,Namangan,online,2023,12,50.89,56,4,0.0,False,4.0,0.9,214.43,2857.98
P2405,storage_devices,Namangan,both,2024,1,49.39,70,3,0.5,False,3.6,1.13,99.46,3292.58
P2406,storage_devices,Namangan,online,2024,2,47.21,152,8,4.9,False,3.6,0.94,467.9,6982.34
P2407,storage_devices,Namangan,both,2024,3,45.49,61,4,2.2,False,3.9,1.09,210.47,2535.89
P2408,storage_devices,Namangan,offline,2024,4,41.53,224,15,3.1,False,3.8,1.16,546.65,8410.7
P2409,storage_devices,Namangan,both,2024,5,41.96,390,8,23.7,True,4.0,1.16,470.21,12229.91
P2410,storage_devices,Namangan,offline,2024,6,53.36,48,1,4.6,False,4.0,1.04,101.49,2392.56
P2411,storage_devices,Namangan,online,2024,7,54.01,48,2,3.4,False,4.3,,141.13,2399.99
P2412,storage_devices,Namangan,offline,2024,8,44.2,251,8,27.6,True,3.7,0.94,402.44,8398.29
P2413,storage_devices,Namangan,online,2024,9,53.81,65,2,2.8,False,3.7,1.03,156.32,3295.11
P2414,storage_devices,Namangan,online,2024,10,47.72,244,16,0.7,False,4.4,0.95,712.9,10804.0
P2415,storage_devices,Namangan,offline,2024,11,50.79,58,3,0.9,False,4.2,0.92,198.54,2989.77
P2416,storage_devices,Namangan,both,2024,12,37.06,414,15,24.7,True,3.6,1.05,801.58,11134.57
P2417,storage_devices,Namangan,online,2023,1,52.94,63,1,4.9,False,4.2,1.17,157.71,3121.45
P2418,storage_devices,Namangan,both,2023,2,46.59,71,3,0.3,False,4.5,1.19,184.3,3158.62
P2419,storage_devices,Namangan,offline,2023,3,49.18,38,0,4.0,False,4.0,1.04,67.47,1794.09
P2420,storage_devices,Namangan,both,2023,4,48.26,228,4,2.8,False,3.7,0.97,632.27,10507.55
P2421,storage_devices,Namangan,online,2023,5,50.83,53,2,1.3,False,4.0,1.04,105.07,2558.63
P2422,storage_devices,Namangan,online,2023,6,47.77,165,4,4.8,False,3.8,1.11,620.48,73218.0
P2423,storage_devices,Namangan,online,2023,7,47.12,60,1,2.3,False,4.0,0.89,97.05,2933.43
P2424,storage_devices,Namangan,online,2023,8,43.35,188,4,0.5,False,4.1,1.1,379.39,7936.52
P2425,storage_devices,Namangan,both,2023,9,44.1,261,19,1.4,,3.4,1.03,452.63,10522.79
P2426,storage_devices,Namangan,offline,2023,10,44.34,204,11,3.5,False,3.9,1.09,385.87,8258.1
P2427,storage_devices,Namangan,both,2023,11,39.74,323,10,20.8,True,3.6,,977.03,10639.5
P2428,storage_devices,Namangan,online,2023,12,48.8,60,2,1.7,False,3.7,1.02,185.78,2782.28
P2429,storage_devices,Namangan,both,2024,1,41.14,309,15,34.9,True,4.2,1.08,711.2,7873.95
P2430,storage_devices,Namangan,both,2024,2,45.99,262,19,0.4,False,4.4,0.88,743.67,12021.34
P2431,storage_devices,Namangan,online,2024,3,39.76,335,12,32.2,True,4.1,0.96,682.37,8707.2
P2432,storage_devices,Namangan,online,2024,4,48.27,198,15,34.1,True,3.8,0.91,505.36,6286.92
P2433,storage_devices,Namangan,both,2024,5,46.15,85,2,3.6,False,4.3,0.91,107.67,3987.95
P2434,storage_devices,Namangan,offline,2024,6,51.06,155,3,1.2,False,4.2,1.15,522.19,7667.99
P2435,storage_devices,Namangan,offline,2024,7,40.95,247,7,16.0,True,4.3,1.14,550.56,8255.52
P2436,storage_devices,Namangan,online,2024,8,43.0,211,13,27.8,True,4.3,0.87,386.92,6638.88
P2437,storage_devices,Namangan,online,2024,9,43.69,232,10,2.7,False,3.1,1.18,417.97,9437.3
P2438,storage_devices,Namangan,offline,2024,10,44.96,228,11,2.0,False,3.8,1.02,700.04,9561.19
P2439,storage_devices,Namangan,online,2024,11,51.39,46,1,2.1,,3.7,0.92,49.55,2445.11
P2440,storage_devices,Namangan,offline,2024,12,52.81,60,3,3.7,False,4.1,0.96,109.85,2898.79
P2441,laptops,Tashkent,online,2023,1,763.13,77,5,24.3,True,3.9,0.87,4516.58,44921.13
P2442,laptops,Tashkent,both,2023,2,699.63,77,3,2.3,False,4.3,1.08,2478.25,50581.85
P2443,laptops,Tashkent,offline,2023,3,793.07,60,4,4.7,False,3.9,0.92,3584.0,45710.52
P2444,laptops,Tashkent,online,2023,4,847.77,50,1,1.3,False,4.2,0.93,2173.07,44280.76
P2445,laptops,Tashkent,online,2023,5,765.51,75,2,3.1,False,4.5,0.89,2658.46,58481.87
P2446,laptops,Tashkent,offline,2023,6,869.46,44,2,3.6,False,4.3,0.87,2987.34,38018.92
P2447,laptops,Tashkent,both,2023,7,724.38,98,3,3.6,False,4.6,0.88,3054.91,71645.82
P2448,laptops,Tashkent,offline,2023,8,729.2,72,3,26.4,True,4.7,1.14,1527.76,37031.69
P2449,laptops,Tashkent,offline,2023,9,672.64,96,3,32.2,True,4.1,1.01,5093.03,42412.64
P2450,laptops,Tashkent,both,2023,10,777.01,68,3,4.5,False,4.2,1.19,3753.29,48232.9
P2451,laptops,Tashkent,both,2023,11,727.78,127,7,21.6,True,3.8,1.14,5119.29,68469.54
P2452,laptops,Tashkent,offline,2023,12,735.51,73,3,4.1,False,4.1,0.95,4101.89,49374.79
P2453,laptops,Tashkent,online,2024,1,685.66,86,5,3.0,False,4.2,1.04,4167.14,53872.31
P2454,laptops,Tashkent,online,2024,2,733.69,65,3,0.5,False,4.8,0.98,3078.45,45261.34
P2455,laptops,Tashkent,offline,2024,3,763.19,47,3,2.4,False,4.4,1.16,1654.95,32774.43
P2456,laptops,Tashkent,both,2024,4,766.47,115,3,17.4,True,4.3,1.16,4364.16,70907.67
P2457,laptops,Tashkent,both,2024,5,800.54,89,5,1.4,False,4.3,0.96,3035.94,66303.92
P2458,laptops,Tashkent,online,2024,6,735.75,100,2,24.9,True,4.4,1.19,5038.85,54149.73
P2459,laptops,Tashkent,offline,2024,7,768.79,45,3,0.7,False,3.9,1.14,1433.47,32063.16
P2460,laptops,Tashkent,offline,2024,8,659.52,102,8,26.7,True,4.5,1.07,4660.93,45442.25
P2461,laptops,Tashkent,online,2024,9,694.13,86,4,26.9,True,3.6,0.95,1426.51,41607.54
P2462,laptops,Tashkent,offline,2024,10,681.66,93,5,27.1,True,4.1,0.86,4509.2,47228.24
P2463,laptops,Tashkent,offline,2024,11,744.97,78,2,2.5,False,4.1,1.13,1981.91,55202.28
P2464,laptops,Tashkent,both,2024,12,712.61,87,2,0.7,False,3.9,0.88,3426.02,64959.68
P2465,laptops,Tashkent,online,2023,1,702.76,77,4,30.4,True,3.8,1.0,1480.36,35705.83
P2466,laptops,Tashkent,offline,2023,2,808.98,61,1,4.7,False,4.0,1.02,1087.14,46257.48
P2467,laptops,Tashkent,online,2023,3,856.55,58,1,20.0,,3.8,0.99,3107.4,39058.68
P2468,laptops,Tashkent,online,2023,4,758.01,76,5,21.3,True,4.2,1.05,3571.24,42355.32
P2469,laptops,Tashkent,online,2023,5,748.79,81,6,2.4,False,4.6,0.93,3410.78,59196.34
P2470,laptops,Tashkent,both,2023,6,716.22,101,5,3.9,False,4.7,1.1,4919.9,66075.59
P2471,laptops,Tashkent,offline,2023,7,765.12,79,3,19.2,True,3.9,,3134.18,46984.49
P2472,laptops,Tashkent,both,2023,8,753.07,96,7,2.2,False,3.8,1.13,3419.33,65548.72
P2473,laptops,Tashkent,both,2023,9,779.49,93,3,0.2,False,3.8,1.13,3513.79,70013.79
P2474,laptops,Tashkent,both,2023,10,721.82,114,4,1.2,False,4.4,1.06,3863.91,78447.4
P2475,laptops,Tashkent,online,2023,11,774.16,47,1,4.5,False,4.2,0.86,2806.07,36729.56
P2476,laptops,Tashkent,offline,2023,12,869.79,60,2,4.0,False,4.6,1.14,2755.12,48429.91
P2477,laptops,Tashkent,offline,2024,1,808.26,80,3,3.2,False,4.1,1.2,2121.19,60244.47
P2478,laptops,Tashkent,offline,2024,2,872.84,61,2,26.2,True,4.1,1.04,1704.6,38005.2
P2479,laptops,Tashkent,offline,2024,3,671.98,92,5,17.6,True,4.2,1.09,2777.95,48172.9
P2480,laptops,Tashkent,both,2024,4,803.77,94,4,21.2,True,4.6,1.04,1822.02,57003.37
P2481,laptops,Tashkent,both,2024,5,636.28,114,7,1.2,False,4.4,1.19,1944.13,67264.98
P2482,laptops,Tashkent,offline,2024,6,728.11,98,5,17.4,,3.5,0.95,1783.59,55931.95
P2483,laptops,Tashkent,both,2024,7,703.31,88,5,4.7,False,4.6,1.19,4084.15,55631.12
P2484,laptops,Tashkent,both,2024,8,738.44,111,8,18.9,True,4.0,1.12,3367.44,61684.11
P2485,laptops,Tashkent,online,2024,9,704.31,79,5,2.6,False,4.2,1.07,3694.96,50763.85
P2486,laptops,Tashkent,both,2024,10,651.07,159,7,33.3,True,4.4,1.12,4475.85,66008.08
P2487,laptops,Tashkent,offline,2024,11,717.64,60,4,22.1,True,4.6,1.0,3024.9,31306.33
P2488,laptops,Tashkent,both,2024,12,828.15,73,3,3.0,False,4.0,0.89,1701.58,60729.9
P2489,laptops,Samarkand,offline,2023,1,760.0,67,1,3.1,False,4.3,,3530.28,48605.04
P2490,laptops,Samarkand,online,2023,2,787.34,46,1,4.8,False,4.0,0.94,1549.2,36428.02
P2491,laptops,Samarkand,online,2023,3,728.9,60,1,2.7,False,4.1,0.86,3449.53,45191.48
P2492,laptops,Samarkand,online,2023,4,832.77,78,5,3.0,,4.4,0.98,1669.98,58968.44
P2493,laptops,Samarkand,online,2023,5,716.4,79,5,1.1,False,4.2,1.14,3000.27,52430.45
P2494,laptops,Samarkand,offline,2023,6,784.26,72,4,2.9,False,4.4,0.95,3000.75,51783.12
P2495,laptops,Samarkand,online,2023,7,702.28,74,3,4.6,False,4.1,0.87,1253.74,51373.69
P2496,laptops,Samarkand,both,2023,8,778.07,69,2,2.3,False,4.0,1.04,1925.05,50931.68
P2497,laptops,Samarkand,offline,2023,9,711.73,72,4,0.8,False,3.7,1.07,1076.69,48010.46
P2498,laptops,Samarkand,online,2023,10,884.17,52,2,4.3,,3.9,1.2,934.12,42307.53
P2499,laptops,Samarkand,offline,2023,11,690.52,96,2,26.0,True,4.3,0.92,3424.99,51875.18
P2500,laptops,Samarkand,online,2023,12,844.08,70,2,1.4,False,4.6,1.15,1623.61,56593.88
P2501,laptops,Samarkand,offline,2024,1,869.19,62,1,2.0,False,4.2,0.91,3149.82,56116.99
P2502,laptops,Samarkand,online,2024,2,735.59,52,3,5.0,False,4.4,1.11,2334.98,34241.71
P2503,laptops,Samarkand,online,2024,3,733.08,111,7,29.3,True,4.3,0.92,2332.36,58214.06
P2504,laptops,Samarkand,both,2024,4,681.75,114,6,2.1,,4.2,1.09,3622.09,72082.79
P2505,laptops,Samarkand,online,2024,5,779.81,56,4,4.3,False,4.0,1.18,2019.58,38806.46
P2506,laptops,Samarkand,online,2024,6,852.15,54,3,4.2,False,3.9,1.03,1483.12,41634.34
P2507,laptops,Samarkand,online,2024,7,814.93,74,4,24.5,True,4.5,0.96,2017.74,43069.05
P2508,laptops,Samarkand,online,2024,8,828.56,83,4,1.3,False,4.3,1.0,1926.21,64605.31
P2509,laptops,Samarkand,both,2024,9,821.05,89,5,2.8,False,4.3,0.98,2578.66,67037.09
P2510,laptops,Samarkand,online,2024,10,750.39,70,1,2.0,False,,1.19,1388.15,50741.37
P2511,laptops,Samarkand,both,2024,11,774.67,110,5,32.1,True,4.8,1.07,6701.81,55230.1
P2512,laptops,Samarkand,online,2024,12,823.46,62,3,2.8,False,3.9,0.85,1613.59,51001.68
P2513,laptops,Samarkand,online,2023,1,738.01,72,3,4.0,,3.9,1.19,2864.76,48885.78
P2514,laptops,Samarkand,offline,2023,2,851.69,64,4,1.6,False,3.9,0.97,3572.22,50283.78
P2515,laptops,Samarkand,offline,2023,3,811.74,57,1,3.4,False,4.4,1.15,1494.38,43911.89
P2516,laptops,Samarkand,offline,2023,4,853.26,44,2,4.9,False,4.1,0.9,2413.35,36807.38
P2517,laptops,Samarkand,online,2023,5,762.54,72,4,34.8,True,4.7,0.88,4140.45,36512.61
P2518,laptops,Samarkand,offline,2023,6,825.46,66,2,33.8,True,3.8,1.02,1995.34,34973.09
P2519,laptops,Samarkand,online,2023,7,841.05,73,5,2.4,False,4.4,0.89,3083.46,60284.31
P2520,laptops,Samarkand,online,2023,8,854.06,45,2,4.7,False,3.6,1.04,1147.51,34998.52
P2521,laptops,Samarkand,both,2023,9,764.64,94,6,1.0,False,4.2,0.91,5005.21,71944.68
P2522,laptops,Samarkand,online,2023,10,812.2,62,3,15.6,True,4.3,1.1,2114.9,40444.31
P2523,laptops,Samarkand,both,2023,11,703.42,110,7,3.4,False,4.4,0.91,1710.62,75587.99
P2524,laptops,Samarkand,online,2023,12,725.96,63,1,0.8,False,4.4,1.0,2107.36,44649.44
P2525,laptops,Samarkand,offline,2024,1,798.48,93,6,25.6,True,3.6,1.05,2955.71,51684.01
P2526,laptops,Samarkand,offline,2024,2,811.94,66,3,1.1,False,3.8,0.91,3761.96,54636.71
P2527,laptops,Samarkand,offline,2024,3,851.93,67,4,4.0,False,4.3,1.12,2733.65,51524.73
P2528,laptops,Samarkand,online,2024,4,707.86,79,5,0.3,False,4.4,1.04,3994.46,52224.5
P2529,laptops,Samarkand,offline,2024,5,813.14,70,1,4.1,False,4.5,1.13,1959.69,53806.29
P1475,laptops,Samarkand,online,2024,6,713.57,70,1,2.7,False,4.8,1.03,1279.33,47906.95
P2531,laptops,Samarkand,online,2024,7,690.64,82,5,2.5,False,4.5,1.09,1436.37,51849.8
P2532,laptops,Samarkand,online,2024,8,809.46,65,4,0.4,False,4.6,1.01,3203.21,49179.55
P2533,laptops,Samarkand,both,2024,9,705.31,69,4,0.1,False,4.7,0.86,1915.01,49463.24
P2534,laptops,Samarkand,both,2024,10,667.4,101,7,1.0,False,4.3,0.88,4517.58,67076.9
P2535,laptops,Samarkand,offline,2024,11,806.48,77,4,3.0,False,4.5,1.09,4202.94,57106.85
P2536,laptops,Samarkand,offline,2024,12,782.08,73,4,18.0,True,4.2,1.04,2125.59,44250.09
P2537,laptops,Bukhara,offline,2023,1,871.54,47,2,1.4,False,4.5,0.86,1887.6,41763.85
P2538,laptops,Bukhara,online,2023,2,784.14,44,1,1.2,False,4.3,0.97,1438.33,33313.4
P2539,laptops,Bukhara,offline,2023,3,813.52,56,1,1.2,False,4.2,0.96,2718.82,44206.68
P2540,laptops,Bukhara,offline,2023,4,760.55,70,4,0.2,False,4.4,1.07,1234.19,50095.91
P2541,laptops,Bukhara,online,2023,5,777.25,77,5,3.1,False,4.6,1.07,4567.37,54227.18
P2542,laptops,Bukhara,both,2023,6,688.05,84,3,17.4,True,4.2,1.14,1586.84,46034.67
P2543,laptops,Bukhara,offline,2023,7,845.85,43,3,1.3,False,4.5,1.02,2758.93,33394.16
P2544,laptops,Bukhara,offline,2023,8,782.74,71,2,0.3,False,4.9,0.9,1330.0,58154.79
P2545,laptops,Bukhara,offline,2023,9,753.64,54,3,2.9,False,4.2,0.91,1406.59,40306.69
P2546,laptops,Bukhara,offline,2023,10,837.84,57,1,2.6,False,3.9,0.96,3185.27,45699.14
P2547,laptops,Bukhara,online,2023,11,734.68,78,3,4.9,False,3.9,1.12,4124.61,52401.05
P2548,laptops,Bukhara,online,2023,12,833.37,55,3,1.7,False,4.6,0.95,3554.67,42598.54
P2549,laptops,Bukhara,both,2024,1,736.59,88,3,20.6,,3.7,1.03,4866.88,49712.46
P2550,laptops,Bukhara,both,2024,2,763.4,85,2,2.5,False,3.9,1.19,2588.62,61778.14
P2551,laptops,Bukhara,both,2024,3,647.55,112,2,3.4,False,4.2,1.15,2489.73,68808.66
P2552,laptops,Bukhara,both,2024,4,706.56,140,5,20.2,True,4.1,1.1,4321.07,76117.71
P2553,laptops,Bukhara,online,2024,5,805.81,64,4,25.5,True,,1.06,1646.03,36019.71
P2554,laptops,Bukhara,offline,2024,6,764.2,52,2,2.0,False,3.8,0.93,2898.64,40441.46
P2555,laptops,Bukhara,both,2024,7,752.86,121,6,3.1,False,4.2,0.99,4345.54,83894.95
P2556,laptops,Bukhara,offline,2024,8,842.17,67,1,4.5,False,3.9,0.91,3905.82,57328.54
P2557,laptops,Bukhara,both,2024,9,679.39,96,5,17.6,True,4.4,0.98,3152.57,50943.38
P2558,laptops,Bukhara,both,2024,10,654.27,113,5,29.5,True,4.1,0.85,4233.63,53801.41
P2559,laptops,Bukhara,online,2024,11,704.3,82,3,0.3,False,,1.03,3829.69,55472.78
P2560,laptops,Bukhara,online,2024,12,783.58,58,4,2.4,False,4.3,1.06,2971.88,41297.8
P2561,laptops,Bukhara,offline,2023,1,762.48,90,2,25.1,True,3.9,1.0,1752.19,50256.58
P2562,laptops,Bukhara,both,2023,2,690.16,106,4,2.6,False,4.3,1.11,5104.53,68566.02
P2563,laptops,Bukhara,offline,2023,3,805.51,54,2,2.0,False,4.2,1.09,1174.03,41048.79
P2564,laptops,Bukhara,online,2023,4,746.54,45,3,1.0,False,4.1,1.03,1081.43,31041.13
P2565,laptops,Bukhara,offline,2023,5,882.8,45,1,0.1,False,3.9,1.11,1032.75,38804.36
P2566,laptops,Bukhara,online,2023,6,774.41,101,3,25.2,True,,1.05,3842.19,56767.35
P2567,laptops,Bukhara,both,2023,7,801.24,93,7,3.1,False,4.3,1.19,2008.17,66770.53
P2568,laptops,Bukhara,online,2023,8,844.68,76,3,3.9,,4.0,0.93,4607.33,63997.39
P2569,laptops,Bukhara,both,2023,9,729.47,92,5,1.1,False,4.1,0.89,2834.36,67787.05
P2570,laptops,Bukhara,offline,2023,10,809.19,96,2,26.6,True,4.1,0.95,4229.43,55830.87
P2571,laptops,Bukhara,both,2023,11,711.62,89,3,4.0,False,3.9,1.18,2865.51,58751.35
P2572,laptops,Bukhara,offline,2023,12,794.11,76,4,4.2,False,4.0,1.12,3908.49,54774.53
P2573,laptops,Bukhara,offline,2024,1,706.78,76,2,2.6,False,4.3,1.07,2907.38,50941.88
P2574,laptops,Bukhara,online,2024,2,843.63,58,3,4.4,False,3.8,1.13,3494.13,44358.07
P2575,laptops,Bukhara,both,2024,3,831.13,71,2,4.0,False,4.3,1.0,3176.81,55054.05
P2576,laptops,Bukhara,both,2024,4,696.04,125,7,18.1,True,3.7,1.01,3920.64,67266.7
P2577,laptops,Bukhara,both,2024,5,726.22,76,6,2.8,False,4.3,0.96,3297.91,49412.01
P2578,laptops,Bukhara,both,2024,6,704.28,117,6,3.3,False,4.6,0.86,5696.07,81642.92
P2579,laptops,Bukhara,online,2024,7,788.26,80,5,34.6,True,3.9,0.86,4305.48,41757.28
P2580,laptops,Bukhara,both,2024,8,719.49,110,6,0.7,False,4.1,0.88,4197.54,80247.42
P2581,laptops,Bukhara,offline,2024,9,846.06,70,3,1.1,False,4.2,1.14,4319.65,56062.47
P2582,laptops,Bukhara,both,2024,10,730.3,85,2,4.6,False,4.1,1.15,4136.28,57826.61
P2583,laptops,Bukhara,offline,2024,11,797.01,91,6,20.4,True,4.5,0.91,4724.47,58239.76
P2584,laptops,Bukhara,online,2024,12,795.66,70,3,4.5,False,3.8,1.2,1504.19,50910.31
P2585,laptops,Andijan,both,2023,1,713.14,71,4,1.0,False,4.4,0.86,3884.59,51086.79
P2586,laptops,Andijan,offline,2023,2,781.4,81,5,16.5,True,3.7,0.87,2814.5,53554.65
P2587,laptops,Andijan,online,2023,3,823.45,52,2,2.2,False,4.5,0.93,1575.24,43488.05
P2588,laptops,Andijan,online,2023,4,760.3,61,3,0.8,False,4.6,1.01,1316.39,43744.62
P2589,laptops,Andijan,offline,2023,5,801.84,66,3,1.7,False,4.7,1.1,3681.23,49657.15
P2590,laptops,Andijan,both,2023,6,714.01,115,2,4.7,False,4.5,1.12,1754.23,76891.02
P2591,laptops,Andijan,both,2023,7,840.57,77,3,1.0,False,4.3,1.18,2684.28,61580.16
P2592,laptops,Andijan,both,2023,8,650.35,145,6,33.5,True,4.3,,7522.06,64924.31
P2593,laptops,Andijan,both,2023,9,732.16,67,2,1.9,False,3.7,1.19,1916.34,46686.18
P2594,laptops,Andijan,offline,2023,10,745.98,79,3,1.0,False,4.5,1.16,3106.41,56127.54
P2595,laptops,Andijan,online,2023,11,720.51,75,1,2.9,False,4.4,0.87,3731.22,55913.25
P2596,laptops,Andijan,offline,2023,12,829.19,58,2,31.6,True,4.0,1.04,3638.77,31761.29
P2597,laptops,Andijan,both,2024,1,745.22,92,2,4.6,,4.4,1.16,5049.87,63984.59
P2598,laptops,Andijan,offline,2024,2,766.68,48,3,2.6,False,3.8,0.91,1941.88,36291.87
P2599,laptops,Andijan,both,2024,3,735.16,106,4,1.2,False,4.5,1.04,5657.39,74086.48
P2600,laptops,Andijan,both,2024,4,611.16,133,8,19.6,True,3.7,,1737.46,61421.58
P2601,laptops,Andijan,both,2024,5,709.56,106,8,3.4,False,3.8,0.99,5738.15,67172.63
P2602,laptops,Andijan,online,2024,6,710.88,79,3,4.0,False,4.3,0.85,2944.85,56015.06
P2603,laptops,Andijan,online,2024,7,825.87,55,1,1.6,False,4.7,1.08,948.88,43883.43
P2604,laptops,Andijan,online,2024,8,779.66,87,2,2.0,False,4.2,0.88,4007.29,70141.33
P2605,laptops,Andijan,both,2024,9,669.11,128,7,24.1,True,4.6,1.12,3092.77,61450.39
P2606,laptops,Andijan,offline,2024,10,809.22,57,1,0.1,False,4.3,1.16,1027.09,45271.0
P2607,laptops,Andijan,online,2024,11,758.73,97,7,25.8,True,3.8,1.03,2760.77,50667.99
P2608,laptops,Andijan,online,2024,12,828.98,63,3,2.6,False,3.9,1.08,1933.08,48445.59
P2609,laptops,Andijan,offline,2023,1,851.48,57,3,4.6,False,3.9,0.91,3577.55,47374.03
P2610,laptops,Andijan,offline,2023,2,860.73,48,1,3.3,False,4.3,1.07,1507.75,39119.32
P2611,laptops,Andijan,both,2023,3,808.51,65,3,4.9,False,3.9,0.9,3017.52,51485.08
P2612,laptops,Andijan,both,2023,4,679.34,100,3,4.2,False,4.1,1.05,3371.87,63128.35
P2613,laptops,Andijan,both,2023,5,773.68,90,5,0.0,False,4.0,0.98,4298.34,65762.8
P2614,laptops,Andijan,both,2023,6,751.35,109,6,2.0,False,3.7,0.97,3881.77,75841.27
P2615,laptops,Andijan,online,2023,7,876.66,51,3,0.9,False,4.3,0.91,2298.75,45037.04
P2616,laptops,Andijan,offline,2023,8,870.1,48,1,3.1,False,4.0,0.94,3220.0,42797.12
P2617,laptops,Andijan,offline,2023,9,818.09,74,2,4.2,False,4.6,1.17,3290.62,56428.58
P2618,laptops,Andijan,online,2023,10,833.04,56,1,4.6,False,4.1,1.12,2955.07,43709.61
P2619,laptops,Andijan,both,2023,11,708.69,149,11,18.4,True,4.3,0.97,5963.6,79804.16
P2620,laptops,Andijan,offline,2023,12,669.3,102,4,29.2,True,4.7,0.86,4010.73,50153.81
P2621,laptops,Andijan,offline,2024,1,772.24,80,3,0.1,False,3.7,1.14,2066.66,59403.02
P2622,laptops,Andijan,online,2024,2,840.24,51,2,2.6,False,4.2,1.17,1148.09,40101.29
P2623,laptops,Andijan,offline,2024,3,823.65,46,2,3.5,False,4.2,1.14,1235.57,34972.18
P2624,laptops,Andijan,online,2024,4,761.04,65,1,1.6,False,4.3,1.11,2075.99,47927.26
P2625,laptops,Andijan,both,2024,5,792.85,93,3,2.6,False,3.7,0.87,5720.96,75061.33
P2626,laptops,Andijan,online,2024,6,792.04,76,5,0.5,False,4.5,1.13,1331.0,55953.67
P2627,laptops,Andijan,offline,2024,7,851.71,69,3,0.6,False,4.1,1.11,1639.51,55875.58
P2628,laptops,Andijan,offline,2024,8,790.9,66,2,32.1,True,4.2,0.91,1472.6,37118.9
P2629,laptops,Andijan,online,2024,9,749.02,82,3,0.3,False,4.3,1.13,2885.91,58995.06
P2630,laptops,Andijan,offline,2024,10,759.56,67,4,21.7,True,3.8,1.08,2670.78,37468.34
P2631,laptops,Andijan,online,2024,11,792.63,89,5,1.6,False,4.1,0.9,5465.78,70756.88
P2632,laptops,Andijan,both,2024,12,694.65,115,3,1.7,False,4.1,1.15,5827.54,76478.19
P2633,laptops,Namangan,online,2023,1,756.79,58,1,3.2,False,4.4,1.16,3203.59,41756.65
P2634,laptops,Namangan,both,2023,2,656.29,107,4,0.0,False,4.2,0.86,2264.38,73005.7
P2635,laptops,Namangan,offline,2023,3,751.49,48,3,1.5,False,3.9,1.06,2875.12,33309.79
P2636,laptops,Namangan,offline,2023,4,851.01,73,3,1.1,False,4.2,1.07,2886.51,58915.42
P2637,laptops,Namangan,both,2023,5,702.99,70,3,1.8,False,4.2,0.98,1601.72,46252.52
P2638,laptops,Namangan,both,2023,6,672.73,106,7,2.7,False,4.0,1.11,2240.93,64802.06
P2639,laptops,Namangan,online,2023,7,709.13,66,1,21.1,True,4.2,0.88,1623.34,39277.15
P2640,laptops,Namangan,online,2023,8,669.48,94,4,18.3,True,4.2,1.03,1587.47,49226.86
P2641,laptops,Namangan,offline,2023,9,766.9,76,4,1.6,False,3.9,1.02,2490.76,54333.33
P2642,laptops,Namangan,both,2023,10,779.68,81,5,2.6,False,4.5,1.08,2981.78,57715.03
P2643,laptops,Namangan,both,2023,11,707.62,104,3,2.7,False,4.1,1.01,1751.45,69539.94
P2644,laptops,Namangan,offline,2023,12,799.27,96,7,28.1,True,4.3,1.18,5798.11,51146.09
P2645,laptops,Namangan,online,2024,1,763.71,90,6,29.8,True,4.7,1.13,4085.19,45034.45
P2646,laptops,Namangan,offline,2024,2,816.6,53,1,1.2,False,4.1,1.08,2689.76,41953.64
P2647,laptops,Namangan,online,2024,3,713.26,83,3,2.8,,3.9,1.08,3802.27,55463.1
P2648,laptops,Namangan,both,2024,4,719.78,141,5,26.4,True,4.4,0.94,6966.79,77810.87
P2649,laptops,Namangan,both,2024,5,672.26,107,7,2.2,False,4.4,0.92,2191.03,71006.79
P2650,laptops,Namangan,online,2024,6,765.12,76,3,25.5,True,4.0,0.89,2873.71,44939.93
P2651,laptops,Namangan,both,2024,7,740.06,99,3,4.6,False,4.5,1.11,1898.57,67777.66
P2652,laptops,Namangan,both,2024,8,761.33,112,3,2.7,False,4.6,1.16,3062.75,80744.38
P2653,laptops,Namangan,offline,2024,9,818.43,82,4,2.6,False,3.9,0.92,4321.89,67151.98
P2654,laptops,Namangan,both,2024,10,688.52,97,4,3.2,False,4.1,0.87,4693.17,66941.99
P2655,laptops,Namangan,both,2024,11,667.5,112,4,1.4,False,4.6,1.14,5331.22,71080.74
P2656,laptops,Namangan,offline,2024,12,735.22,65,4,19.2,,4.0,1.16,3443.48,36237.52
P2657,laptops,Namangan,online,2023,1,787.87,86,3,26.7,True,4.5,1.02,4012.92,47933.22
P2658,laptops,Namangan,both,2023,2,630.48,118,5,23.3,True,4.2,0.92,4137.13,59015.88
P2659,laptops,Namangan,online,2023,3,739.96,50,1,0.8,False,4.2,1.09,2294.77,35967.98
P2660,laptops,Namangan,offline,2023,4,716.44,66,4,3.0,,4.3,0.88,1265.47,46533.64
P2661,laptops,Namangan,offline,2023,5,830.29,61,3,23.9,True,3.8,1.12,3846.4,36647.34
P2662,laptops,Namangan,online,2023,6,703.23,73,3,2.9,False,3.6,0.97,2678.13,47798.54
P2663,laptops,Namangan,offline,2023,7,819.68,75,1,3.9,False,4.2,0.89,2278.73,62953.98
P2664,laptops,Namangan,both,2023,8,682.05,97,1,1.7,False,4.0,1.08,5221.19,64363.69
P2665,laptops,Namangan,online,2023,9,801.07,66,2,29.0,True,4.7,1.14,1266.84,36400.62
P2666,laptops,Namangan,both,2023,10,675.59,108,6,3.3,False,4.1,,4499.94,71967.03
P2667,laptops,Namangan,offline,2023,11,731.32,63,2,20.5,True,4.0,0.98,1769.98,35465.36
P2668,laptops,Namangan,both,2023,12,808.12,88,1,30.6,True,4.4,1.2,5391.27,48792.67
P2669,laptops,Namangan,offline,2024,1,769.63,50,1,2.5,False,4.1,1.1,2995.39,36769.07
P2670,laptops,Namangan,offline,2024,2,777.11,45,1,0.6,,4.1,1.08,2590.13,33987.68
P2671,laptops,Namangan,online,2024,3,741.18,109,3,27.8,True,4.1,0.94,2220.21,61261.91
P2672,laptops,Namangan,offline,2024,4,796.14,60,3,4.6,False,4.0,0.98,3514.92,43292.5
P2673,laptops,Namangan,online,2024,5,830.13,85,3,22.4,True,4.3,1.02,1861.79,52822.83
P2674,laptops,Namangan,both,2024,6,714.22,114,7,30.4,True,4.4,1.03,1817.63,53189.39
P2675,laptops,Namangan,online,2024,7,771.51,80,3,0.5,False,4.2,0.91,3146.33,63837.98
P2676,laptops,Namangan,offline,2024,8,794.45,77,2,2.2,,4.1,0.86,3865.35,62934.74
P2677,laptops,Namangan,both,2024,9,694.82,94,4,0.2,False,4.2,0.93,1618.62,67401.43
P2678,laptops,Namangan,online,2024,10,796.56,63,2,1.4,False,4.5,1.13,1530.53,47909.9
P2679,laptops,Namangan,both,2024,11,690.75,126,5,25.6,True,3.9,0.94,1895.7,67158.81
P2680,laptops,Namangan,online,2024,12,829.08,75,3,19.0,True,4.3,1.14,4673.98,48351.95
P2681,tablets,Tashkent,offline,2023,1,328.24,114,6,16.6,True,3.4,1.09,1814.85,29565.23
P2682,tablets,Tashkent,online,2023,2,312.46,93,3,1.6,False,3.9,1.06,1897.71,27671.46
P2683,tablets,Tashkent,both,2023,3,255.82,189,4,20.0,True,3.8,1.04,3698.22,37861.36
P2684,tablets,Tashkent,online,2023,4,330.38,114,4,3.2,False,3.7,,1316.61,37993.17
P2685,tablets,Tashkent,both,2023,5,277.97,200,13,25.0,True,3.8,1.14,4211.56,38985.29
P2686,tablets,Tashkent,offline,2023,6,314.27,120,3,3.2,False,4.5,1.06,2304.58,35592.96
P2687,tablets,Tashkent,both,2023,7,284.18,142,6,2.1,,4.2,0.95,925.96,37836.86
P2688,tablets,Tashkent,offline,2023,8,303.88,98,6,18.7,True,4.1,1.19,1792.29,22729.01
P2689,tablets,Tashkent,offline,2023,9,337.94,116,2,2.2,False,3.8,0.91,1797.26,40691.82
P2690,tablets,Tashkent,both,2023,10,313.01,98,6,2.6,False,3.4,1.04,929.2,28048.2
P2691,tablets,Tashkent,online,2023,11,283.76,102,5,31.1,True,4.6,1.18,2217.73,18964.53
P2692,tablets,Tashkent,both,2023,12,275.42,201,14,26.9,True,4.4,1.12,2597.18,37649.09
P2693,tablets,Tashkent,online,2024,1,297.78,170,9,25.8,True,4.7,1.03,3488.87,35573.39
P2694,tablets,Tashkent,both,2024,2,306.16,172,4,1.5,False,3.8,1.12,2479.08,50663.36
P2695,tablets,Tashkent,both,2024,3,323.63,138,6,2.9,False,3.7,0.85,1355.66,44798.72
P2696,tablets,Tashkent,both,2024,4,300.35,129,9,16.9,True,4.0,1.14,1658.87,29950.9
P2697,tablets,Tashkent,online,2024,5,334.84,74,2,0.4,False,4.3,1.06,1672.22,24012.05
P2698,tablets,Tashkent,offline,2024,6,285.97,116,5,3.6,False,3.7,1.18,1997.54,30599.93
P2699,tablets,Tashkent,both,2024,7,285.52,100,6,1.8,False,4.0,1.13,1296.59,26355.78
P2700,tablets,Tashkent,offline,2024,8,273.76,151,11,20.7,True,4.5,1.09,2211.21,30392.84
P2701,tablets,Tashkent,online,2024,9,352.79,75,5,2.9,False,3.8,0.91,1545.22,25897.47
P2702,tablets,Tashkent,both,2024,10,278.76,154,6,3.0,False,3.6,0.94,1540.72,43220.29
P2703,tablets,Tashkent,offline,2024,11,281.09,115,6,15.2,True,4.1,1.19,1336.15,25981.71
P2704,tablets,Tashkent,both,2024,12,304.54,129,6,0.6,False,4.1,1.05,2646.31,37233.67
P2705,tablets,Tashkent,online,2023,1,314.34,100,7,3.1,False,4.2,1.02,2496.98,28327.38
P2706,tablets,Tashkent,both,2023,2,291.6,143,3,3.1,False,4.2,0.95,1370.52,39558.46
P2707,tablets,Tashkent,both,2023,3,302.73,158,10,1.8,False,3.6,1.2,3462.41,43997.57
P2708,tablets,Tashkent,both,2023,4,316.67,149,11,21.8,True,3.7,0.87,1664.21,36907.66
P2709,tablets,Tashkent,offline,2023,5,279.98,111,8,18.3,True,4.0,0.9,853.84,25445.45
P2710,tablets,Tashkent,online,2023,6,306.46,71,1,1.4,False,4.3,1.05,960.08,21151.87
P2711,tablets,Tashkent,online,2023,7,341.01,98,6,3.7,False,4.2,1.04,2178.27,30212.12
P2712,tablets,Tashkent,offline,2023,8,320.25,119,5,4.3,False,4.2,1.04,983.76,34938.63
P2713,tablets,Tashkent,online,2023,9,317.08,134,7,31.8,True,4.4,1.18,2241.49,27463.57
P2714,tablets,Tashkent,offline,2023,10,294.44,110,4,4.9,False,3.8,1.07,1503.5,29681.32
P2715,tablets,Tashkent,both,2023,11,328.87,122,4,0.5,False,4.0,1.08,1068.8,38612.63
P2716,tablets,Tashkent,offline,2023,12,285.33,103,5,3.4,False,4.3,0.98,1816.81,27011.62
P2717,tablets,Tashkent,offline,2024,1,293.02,85,5,0.4,False,4.5,1.04,1650.75,23347.83
P2718,tablets,Tashkent,both,2024,2,302.28,157,7,17.5,True,4.2,0.94,2009.53,40399.72
P2719,tablets,Tashkent,online,2024,3,332.2,72,2,3.3,False,4.2,1.05,735.15,22486.62
P2720,tablets,Tashkent,online,2024,4,341.26,91,5,3.9,False,4.3,1.04,1431.45,28203.77
P2721,tablets,Tashkent,offline,2024,5,268.82,139,5,30.8,True,3.7,1.11,1509.4,24927.14
P2722,tablets,Tashkent,both,2024,6,277.8,160,5,1.6,False,4.1,1.12,3036.5,42370.06
P2723,tablets,Tashkent,online,2024,7,308.82,154,10,32.5,True,4.1,1.0,2950.32,30017.3
P2724,tablets,Tashkent,online,2024,8,325.78,89,2,1.1,False,3.8,1.09,1754.63,28031.09
P2725,tablets,Tashkent,online,2024,9,342.88,101,4,31.0,,4.3,1.02,1526.33,22948.96
P2726,tablets,Tashkent,both,2024,10,278.42,128,8,0.9,False,3.7,0.88,1509.28,35758.49
P2727,tablets,Tashkent,both,2024,11,284.41,175,7,2.6,False,4.5,1.19,1040.27,46538.58
P2728,tablets,Tashkent,offline,2024,12,333.21,87,2,5.0,False,4.2,1.16,880.5,26906.71
P2729,tablets,Samarkand,offline,2023,1,336.64,90,6,0.1,False,3.1,0.99,1084.27,28249.48
P2730,tablets,Samarkand,online,2023,2,340.65,73,1,4.6,False,4.3,1.04,838.74,23398.57
P2731,tablets,Samarkand,both,2023,3,298.39,115,4,2.9,False,4.0,1.04,2691.05,32160.77
P2732,tablets,Samarkand,offline,2023,4,323.59,80,2,1.5,False,3.9,1.05,1684.5,24861.42
P2733,tablets,Samarkand,offline,2023,5,336.75,85,1,4.8,False,3.9,0.96,1203.5,26929.22
P2734,tablets,Samarkand,offline,2023,6,305.89,73,1,4.4,False,3.7,1.18,653.15,21055.02
P2735,tablets,Samarkand,both,2023,7,295.93,159,12,3.7,False,3.8,1.14,1180.65,41892.15
P2736,tablets,Samarkand,offline,2023,8,294.86,108,6,1.5,False,3.6,1.11,1571.77,29624.58
P2737,tablets,Samarkand,online,2023,9,305.83,102,2,0.8,False,3.5,1.08,737.65,30338.34
P2738,tablets,Samarkand,both,2023,10,287.09,128,5,0.2,False,4.1,1.07,808.15,35241.45
P2739,tablets,Samarkand,offline,2023,11,337.71,78,2,2.5,False,3.8,1.15,1919.39,25024.31
P2740,tablets,Samarkand,online,2023,12,323.38,120,6,3.7,False,3.8,1.1,1698.92,35501.3
P2741,tablets,Samarkand,offline,2024,1,282.39,154,5,18.4,True,4.6,0.94,1985.22,37080.84
P2742,tablets,Samarkand,both,2024,2,256.07,180,5,27.1,True,3.6,1.1,2449.74,32668.13
P2743,tablets,Samarkand,online,2024,3,326.84,114,3,3.3,False,,1.01,1868.22,35082.03
P2744,tablets,Samarkand,offline,2024,4,330.64,106,4,2.8,False,3.9,1.06,1782.87,32780.97
P2745,tablets,Samarkand,online,2024,5,282.78,110,4,5.0,False,3.9,,1133.94,28475.95
P2746,tablets,Samarkand,offline,2024,6,285.72,107,5,29.6,True,3.9,1.11,1310.94,20516.98
P2747,tablets,Samarkand,online,2024,7,296.15,163,4,26.8,True,4.0,0.89,3791.66,37225.77
P2748,tablets,Samarkand,both,2024,8,292.13,137,10,4.1,False,4.4,1.05,3161.9,35579.39
P2749,tablets,Samarkand,offline,2024,9,332.87,68,2,4.6,False,4.4,0.86,765.09,22635.54
P2750,tablets,Samarkand,both,2024,10,269.61,197,14,17.3,True,4.4,1.03,3074.34,40803.05
P2751,tablets,Samarkand,offline,2024,11,308.81,110,2,1.9,False,4.2,0.98,2303.5,32717.8
P2752,tablets,Samarkand,online,2024,12,324.82,83,4,4.6,False,4.1,1.07,676.78,24480.38
P2753,tablets,Samarkand,offline,2023,1,322.02,118,6,32.1,True,4.1,1.15,2102.15,24488.98
P2754,tablets,Samarkand,both,2023,2,295.68,99,2,3.9,False,4.2,1.14,1295.5,27562.4
P2755,tablets,Samarkand,online,2023,3,334.27,117,6,4.8,False,3.9,0.86,2399.06,38148.82
P2756,tablets,Samarkand,offline,2023,4,308.5,102,2,0.5,False,,1.08,2359.03,30695.75
P2757,tablets,Samarkand,online,2023,5,346.15,98,3,19.5,True,4.1,0.89,1928.41,28589.57
P2758,tablets,Samarkand,both,2023,6,287.52,159,3,2.6,False,3.6,1.12,2999.52,43686.94
P2759,tablets,Samarkand,offline,2023,7,299.11,81,4,2.7,False,3.9,1.06,1625.56,22409.62
P2760,tablets,Samarkand,offline,2023,8,317.18,96,2,3.2,False,3.9,1.04,1855.2,28860.84
P2761,tablets,Samarkand,offline,2023,9,296.6,69,3,4.0,False,3.6,1.05,1510.5,18792.58
P2762,tablets,Samarkand,online,2023,10,353.13,76,5,0.7,False,4.4,1.12,1114.05,24896.72
P2763,tablets,Samarkand,both,2023,11,315.65,143,2,0.9,False,4.4,0.85,3458.31,47634.58
P2764,tablets,Samarkand,both,2023,12,284.68,107,4,2.3,False,3.9,0.96,2358.89,28647.63
P2765,tablets,Samarkand,offline,2024,1,322.79,105,3,0.7,False,3.6,0.88,2046.4,35309.64
P2766,tablets,Samarkand,both,2024,2,312.84,119,9,3.0,False,3.7,1.0,1139.98,33380.03
P2767,tablets,Samarkand,online,2024,3,324.47,89,6,2.2,False,4.5,0.94,1844.85,28445.61
P2768,tablets,Samarkand,online,2024,4,280.59,151,10,24.7,True,3.6,0.96,2828.99,29791.08
P2769,tablets,Samarkand,online,2024,5,346.27,77,5,1.8,False,4.0,1.11,634.63,24482.67
P2770,tablets,Samarkand,offline,2024,6,302.34,115,5,4.8,False,3.9,0.92,979.12,34193.92
P2771,tablets,Samarkand,both,2024,7,289.1,110,4,2.8,False,3.9,0.85,805.76,32169.47
P2772,tablets,Samarkand,offline,2024,8,289.94,111,6,3.4,False,3.5,0.93,906.77,31761.3
P2773,tablets,Samarkand,offline,2024,9,333.09,117,4,4.0,,3.9,0.97,2094.62,36133.6
P2774,tablets,Samarkand,offline,2024,10,331.77,70,3,4.9,False,4.0,1.15,1698.93,21139.39
P2775,tablets,Samarkand,online,2024,11,304.79,74,5,0.4,False,4.0,,1525.51,20946.39
P2776,tablets,Samarkand,online,2024,12,292.15,81,3,0.4,False,3.8,0.96,494.16,22696.55
P2777,tablets,Bukhara,both,2023,1,246.76,207,13,25.1,True,3.8,0.95,3506.27,35855.71
P2778,tablets,Bukhara,online,2023,2,321.37,97,6,2.9,False,3.9,0.99,869.42,28396.57
P2779,tablets,Bukhara,online,2023,3,302.97,114,8,3.7,False,4.1,0.9,1673.33,33400.7
P2780,tablets,Bukhara,both,2023,4,338.1,103,2,3.6,False,3.7,0.94,791.36,35552.27
P2781,tablets,Bukhara,offline,2023,5,297.14,99,4,0.9,False,3.8,1.12,1873.92,27974.25
P2782,tablets,Bukhara,offline,2023,6,292.4,114,3,4.4,False,4.8,1.04,1477.94,31028.32
P2783,tablets,Bukhara,online,2023,7,321.87,71,3,1.0,False,5.0,1.16,1733.54,21668.29
P2784,tablets,Bukhara,offline,2023,8,295.05,119,8,1.1,False,3.9,1.13,2030.72,32390.29
P2785,tablets,Bukhara,both,2023,9,283.09,107,5,1.7,False,3.8,0.87,1260.28,30655.04
P2786,tablets,Bukhara,offline,2023,10,313.97,85,2,1.0,False,4.1,1.14,1485.0,25798.91
P2787,tablets,Bukhara,offline,2023,11,286.42,108,6,2.5,False,,1.06,2269.55,28484.47
P2788,tablets,Bukhara,online,2023,12,342.43,99,7,16.9,True,3.6,0.86,1346.26,28273.82
P2789,tablets,Bukhara,online,2024,1,282.73,109,3,3.5,False,4.5,0.98,1048.67,28920.45
P2790,tablets,Bukhara,both,2024,2,267.49,153,3,0.9,False,4.1,0.88,1150.59,42943.38
P2791,tablets,Bukhara,offline,2024,3,314.51,109,2,4.4,False,4.2,1.13,2575.86,32171.86
P2792,tablets,Bukhara,online,2024,4,291.14,108,8,32.6,True,4.3,1.08,1923.8,19622.84
P2793,tablets,Bukhara,online,2024,5,282.9,105,8,1.4,False,3.5,1.1,2099.26,27057.12
P2794,tablets,Bukhara,offline,2024,6,319.83,117,4,2.9,False,4.0,0.86,1266.15,37900.13
P2795,tablets,Bukhara,both,2024,7,331.44,125,9,27.4,True,4.0,1.09,2267.82,27912.55
P2796,tablets,Bukhara,online,2024,8,327.09,124,6,2.1,False,4.0,1.09,2661.45,37786.09
P2797,tablets,Bukhara,online,2024,9,337.24,106,8,4.8,False,3.8,1.16,2773.67,31463.14
P2798,tablets,Bukhara,offline,2024,10,314.95,79,2,2.8,False,4.4,0.98,603.11,23572.12
P2799,tablets,Bukhara,online,2024,11,317.82,103,4,3.2,False,3.4,1.14,770.18,30457.33
P2800,tablets,Bukhara,offline,2024,12,288.65,92,3,3.5,False,4.3,1.02,956.63,24790.71
P2801,tablets,Bukhara,offline,2023,1,316.13,119,4,2.9,False,3.3,0.98,1260.32,35300.66
P2802,tablets,Bukhara,online,2023,2,340.17,91,3,0.8,False,3.6,0.93,1794.58,32071.12
P2803,tablets,Bukhara,both,2023,3,280.75,145,4,33.0,True,4.3,0.91,963.53,28644.25
P2804,tablets,Bukhara,online,2023,4,287.87,111,4,3.9,False,4.2,1.15,772.79,29600.81
P2805,tablets,Bukhara,both,2023,5,295.99,132,5,28.5,True,4.5,1.04,2922.93,26877.37
P2806,tablets,Bukhara,offline,2023,6,289.52,97,3,22.9,True,4.0,0.9,2124.54,22661.28
P2807,tablets,Bukhara,online,2023,7,328.92,126,8,2.3,False,4.4,1.19,1950.72,37919.87
P2808,tablets,Bukhara,both,2023,8,318.81,103,4,3.0,False,4.0,0.91,748.22,33064.55
P2809,tablets,Bukhara,both,2023,9,287.23,202,5,32.7,True,3.8,0.88,2768.54,41127.74
P2810,tablets,Bukhara,offline,2023,10,301.57,122,4,16.8,True,4.3,0.91,2311.31,31975.5
P2811,tablets,Bukhara,offline,2023,11,281.64,119,7,30.9,True,4.1,1.17,2250.23,21796.68
P2812,tablets,Bukhara,offline,2023,12,323.75,105,4,2.8,False,4.2,1.12,1706.08,31783.18
P2813,tablets,Bukhara,online,2024,1,287.54,101,3,2.9,False,4.0,1.01,1807.51,27361.73
P2814,tablets,Bukhara,online,2024,2,297.13,71,2,5.0,False,3.5,0.93,1099.09,21035.02
P2815,tablets,Bukhara,both,2024,3,311.24,114,8,1.9,False,3.6,1.16,2420.62,32364.6
P2816,tablets,Bukhara,online,2024,4,291.17,87,4,0.5,False,4.0,0.91,1652.63,25969.97
P2817,tablets,Bukhara,online,2024,5,302.48,133,9,27.5,True,4.1,0.9,1412.78,29368.39
P2818,tablets,Bukhara,online,2024,6,302.07,85,5,0.7,False,4.4,1.03,682.53,23996.44
P2819,tablets,Bukhara,offline,2024,7,327.14,85,1,1.0,False,4.3,0.85,616.39,29381.36
P2820,tablets,Bukhara,online,2024,8,271.43,163,10,17.6,True,4.3,1.02,3142.55,34219.72
P2821,tablets,Bukhara,online,2024,9,335.42,83,5,0.2,False,4.1,0.97,635.36,26110.43
P2822,tablets,Bukhara,online,2024,10,286.02,145,4,30.9,True,4.1,1.14,1966.44,27867.21
P2823,tablets,Bukhara,offline,2024,11,329.35,70,1,0.7,False,4.2,1.06,1036.13,22566.07
P2824,tablets,Bukhara,both,2024,12,288.37,157,8,1.9,,4.0,1.15,1337.73,42150.75
P2825,tablets,Andijan,both,2023,1,329.47,106,7,1.3,False,4.0,0.87,1509.62,34768.98
P2826,tablets,Andijan,online,2023,2,289.2,116,5,0.6,False,3.4,1.03,1409.44,31908.59
P2827,tablets,Andijan,offline,2023,3,330.27,112,5,4.5,False,4.0,0.98,2294.34,33748.64
P2828,tablets,Andijan,both,2023,4,273.88,177,6,21.1,True,3.4,1.12,1710.46,36951.62
P2829,tablets,Andijan,offline,2023,5,349.47,89,5,3.4,False,4.1,1.0,637.99,28357.39
P2830,tablets,Andijan,offline,2023,6,294.86,90,2,0.8,False,4.2,1.16,717.79,25740.1
P2831,tablets,Andijan,online,2023,7,289.48,105,4,31.6,True,3.7,0.94,883.85,21598.32
P2832,tablets,Andijan,offline,2023,8,342.36,101,5,2.7,False,3.6,1.2,2663.3,31979.16
P2833,tablets,Andijan,offline,2023,9,285.4,117,4,1.2,False,4.1,1.06,2035.63,31863.2
P2834,tablets,Andijan,online,2023,10,286.13,113,8,34.3,True,3.9,1.18,2536.39,19738.68
P2835,tablets,Andijan,online,2023,11,328.13,72,2,1.1,False,4.2,1.13,813.97,22716.44
P2836,tablets,Andijan,online,2023,12,307.97,119,5,2.0,False,4.5,1.1,1546.11,34406.41
P2837,tablets,Andijan,offline,2024,1,311.38,116,4,1.3,,3.6,1.16,2450.72,34421.19
P2838,tablets,Andijan,online,2024,2,313.2,122,5,4.7,False,4.1,0.93,1614.13,37715.88
P2839,tablets,Andijan,offline,2024,3,347.3,87,4,3.0,False,4.1,0.92,1112.56,30198.01
P2840,tablets,Andijan,online,2024,4,320.29,91,4,4.5,False,4.0,1.17,2221.27,26611.29
P2841,tablets,Andijan,both,2024,5,303.05,103,5,3.8,False,3.7,1.05,1367.94,28570.34
P2842,tablets,Andijan,both,2024,6,264.8,211,5,34.6,True,4.6,0.98,3522.46,35674.92
P2843,tablets,Andijan,both,2024,7,272.45,170,13,35.0,True,3.8,0.94,3419.81,30027.8
P2844,tablets,Andijan,both,2024,8,294.16,121,7,1.5,False,3.7,0.87,1921.84,35673.73
P2845,tablets,Andijan,online,2024,9,351.51,82,1,3.4,False,3.6,0.89,2202.39,29704.59
P2846,tablets,Andijan,both,2024,10,287.63,107,5,1.8,False,3.9,0.88,2337.53,31114.98
P2847,tablets,Andijan,online,2024,11,291.88,121,5,32.9,True,4.4,0.94,2495.13,24536.27
P2848,tablets,Andijan,offline,2024,12,327.57,68,2,3.2,False,3.7,1.08,1535.89,20927.79
P2849,tablets,Andijan,online,2023,1,330.54,116,3,4.1,False,3.7,1.05,1687.78,35819.63
P2850,tablets,Andijan,online,2023,2,329.99,122,2,27.9,,4.1,1.12,2496.69,28550.73
P2851,tablets,Andijan,both,2023,3,258.6,173,7,4.6,False,3.7,0.87,962.71,44229.16
P2852,tablets,Andijan,online,2023,4,299.07,79,3,1.5,False,3.6,1.08,1812.67,22388.38
P2853,tablets,Andijan,online,2023,5,318.85,117,8,17.5,True,4.0,1.07,940.5,28672.59
P2854,tablets,Andijan,both,2023,6,290.49,112,4,3.1,False,3.6,0.9,2164.67,32832.39
P2855,tablets,Andijan,online,2023,7,292.94,104,7,3.6,False,4.1,1.1,2375.77,27392.23
P2856,tablets,Andijan,offline,2023,8,295.41,102,3,1.2,False,3.7,1.07,1996.28,28894.64
P2857,tablets,Andijan,offline,2023,9,325.81,76,1,3.0,False,3.8,1.09,1824.04,23702.68
P2858,tablets,Andijan,both,2023,10,291.45,114,5,2.1,False,4.3,1.19,1600.55,31100.92
P2859,tablets,Andijan,online,2023,11,271.2,159,10,27.1,True,4.3,0.91,3070.74,31814.66
P2860,tablets,Andijan,offline,2023,12,282.46,117,9,27.9,True,4.2,1.19,1101.67,21994.6
P2861,tablets,Andijan,both,2024,1,275.29,148,10,0.4,False,3.7,1.0,2544.28,37838.06
P2862,tablets,Andijan,online,2024,2,306.56,115,7,1.6,False,3.5,0.9,1148.91,35185.04
P2863,tablets,Andijan,both,2024,3,299.78,193,9,33.4,True,3.7,0.95,4618.67,36736.24
P2864,tablets,Andijan,online,2024,4,309.81,120,7,3.6,False,3.6,1.09,2662.41,33748.22
P2865,tablets,Andijan,online,2024,5,309.39,93,5,4.1,False,4.2,1.08,2129.6,26110.04
P2866,tablets,Andijan,online,2024,6,306.16,116,2,4.0,False,4.0,1.08,1843.01,33506.15
P2867,tablets,Andijan,online,2024,7,290.15,98,4,1.2,,3.8,1.18,1886.08,26946.81
P2868,tablets,Andijan,offline,2024,8,339.11,66,2,1.1,False,4.5,0.99,524.61,21464.31
P2869,tablets,Andijan,both,2024,9,328.09,115,4,2.4,False,4.4,1.13,856.55,35543.96
P2870,tablets,Andijan,online,2024,10,334.32,116,4,3.3,False,4.2,1.0,2451.85,36208.19
P2871,tablets,Andijan,online,2024,11,294.9,123,2,2.1,False,4.1,1.1,2014.79,34933.56
P2872,tablets,Andijan,online,2024,12,304.88,101,4,0.9,False,3.9,0.85,869.14,31651.78
P2873,tablets,Namangan,online,2023,1,292.14,78,4,3.1,False,4.4,0.88,876.13,22624.05
P2874,tablets,Namangan,both,2023,2,285.65,158,6,4.7,False,4.3,1.04,2655.43,41378.12
P2875,tablets,Namangan,offline,2023,3,298.75,94,4,0.8,False,3.9,1.06,1859.89,26672.4
P2876,tablets,Namangan,online,2023,4,281.14,109,6,4.8,False,4.0,1.19,1596.13,27567.46
P2877,tablets,Namangan,offline,2023,5,342.41,85,6,4.7,False,3.7,1.09,1121.29,25779.02
P2878,tablets,Namangan,online,2023,6,276.01,147,8,34.1,True,3.4,1.12,2362.03,25282.79
P2879,tablets,Namangan,online,2023,7,291.02,90,5,31.8,True,3.7,1.2,1408.66,16870.43
P2880,tablets,Namangan,offline,2023,8,331.01,92,4,0.0,False,4.0,1.05,1331.97,29128.88
P2881,tablets,Namangan,online,2023,9,310.07,95,5,2.9,False,4.6,0.88,2031.71,29264.78
P2882,tablets,Namangan,offline,2023,10,283.39,104,2,4.3,False,,0.99,1213.69,27662.83
P2883,tablets,Namangan,offline,2023,11,343.87,67,3,4.9,False,3.4,1.0,612.72,20929.3
P2884,tablets,Namangan,offline,2023,12,338.4,73,2,1.1,False,3.5,1.09,1373.84,23762.11
P2885,tablets,Namangan,both,2024,1,270.07,158,5,23.3,True,3.7,1.15,2425.63,31692.98
P2886,tablets,Namangan,both,2024,2,300.62,142,6,1.7,False,4.8,1.17,1914.0,40189.29
P2887,tablets,Namangan,offline,2024,3,337.15,105,6,33.5,True,3.9,0.88,2612.62,23971.97
P2888,tablets,Namangan,offline,2024,4,312.51,117,4,3.8,False,4.2,1.1,2612.97,33971.71
P2889,tablets,Namangan,online,2024,5,346.35,82,2,4.4,False,3.6,1.08,1524.59,26488.85
P2890,tablets,Namangan,online,2024,6,315.24,113,8,24.5,True,3.9,1.2,2142.33,24990.65
P2891,tablets,Namangan,offline,2024,7,339.45,94,3,1.3,False,4.0,1.16,1731.36,30488.38
P2892,tablets,Namangan,online,2024,8,322.99,76,3,0.2,False,4.0,1.16,1254.72,23531.11
P2893,tablets,Namangan,online,2024,9,299.91,115,6,2.4,False,4.1,0.94,778.59,34458.08
P2894,tablets,Namangan,online,2024,10,347.15,87,4,0.7,False,3.9,1.05,2095.35,28611.76
P2895,tablets,Namangan,online,2024,11,295.29,90,5,0.6,False,3.4,1.15,1374.67,24949.05
P2896,tablets,Namangan,offline,2024,12,322.93,128,6,34.3,True,4.1,1.0,2826.07,25884.13
P2897,tablets,Namangan,both,2023,1,269.43,174,6,1.8,False,4.0,0.99,1175.7,44449.48
P2898,tablets,Namangan,online,2023,2,342.52,91,2,1.5,False,4.3,1.14,918.07,30027.02
P2899,tablets,Namangan,offline,2023,3,293.53,143,6,18.7,True,4.0,0.93,1974.73,35309.15
P2900,tablets,Namangan,offline,2023,4,331.35,104,7,2.0,False,4.0,1.14,756.76,31498.13
P2901,tablets,Namangan,both,2023,5,305.89,149,8,4.5,False,,1.19,1329.93,41189.62
P2902,tablets,Namangan,both,2023,6,295.86,194,6,16.3,True,4.5,1.2,2188.31,46555.35
P2903,tablets,Namangan,both,2023,7,311.81,152,4,33.9,True,4.2,0.95,2059.35,30503.75
P2904,tablets,Namangan,online,2023,8,324.85,112,3,3.8,False,3.6,0.9,2897.59,36788.17
P2905,tablets,Namangan,offline,2023,9,311.34,92,3,34.8,True,4.2,0.93,1008.77,19511.76
P2906,tablets,Namangan,offline,2023,10,294.69,136,10,24.1,True,3.8,0.85,2859.72,30436.97
P2907,tablets,Namangan,online,2023,11,327.78,105,7,1.6,False,4.2,0.98,804.08,31608.48
P2908,tablets,Namangan,both,2023,12,308.89,150,4,31.3,True,4.1,0.86,1679.64,33460.86
P2909,tablets,Namangan,both,2024,1,316.75,100,7,2.3,False,4.2,1.13,2376.77,28780.22
P2910,tablets,Namangan,online,2024,2,301.75,78,2,4.0,False,3.5,1.16,553.33,22015.68
P2911,tablets,Namangan,both,2024,3,270.51,171,8,4.4,False,4.0,,2707.51,42153.03
P2912,tablets,Namangan,offline,2024,4,297.25,80,4,3.9,False,3.9,1.15,1796.33,21709.95
P2913,tablets,Namangan,online,2024,5,316.12,101,2,4.6,False,3.8,0.97,2309.44,29856.27
P2914,tablets,Namangan,online,2024,6,303.23,138,5,28.8,True,3.6,1.12,1544.31,28714.67
P2915,tablets,Namangan,online,2024,7,336.34,113,6,2.4,False,3.5,0.88,1184.98,37934.63
P2916,tablets,Namangan,online,2024,8,346.75,93,5,15.8,True,4.2,1.19,1714.55,25692.79
P2917,tablets,Namangan,both,2024,9,340.39,100,2,4.9,False,4.4,1.02,2097.32,31723.67
P2918,tablets,Namangan,both,2024,10,286.5,145,8,2.9,False,3.5,0.94,1715.6,41161.22
P2919,tablets,Namangan,offline,2024,11,283.83,115,3,0.5,False,4.6,1.11,1141.97,31630.02
P2920,tablets,Namangan,offline,2024,12,296.93,88,2,17.3,True,3.6,1.09,1596.69,21118.26
P2921,wearables,Tashkent,online,2023,1,179.03,125,8,4.5,False,4.5,0.92,1758.29,21604.23
P2922,wearables,Tashkent,online,2023,2,141.85,169,8,2.5,False,4.1,1.03,1313.86,22266.9
P2923,wearables,Tashkent,online,2023,3,175.99,124,5,27.3,True,3.8,1.06,1582.09,15225.42
P2924,wearables,Tashkent,online,2023,4,165.77,139,6,4.5,False,4.1,1.07,750.07,21055.28
P2925,wearables,Tashkent,both,2023,5,147.83,174,13,0.9,False,3.6,0.91,1068.04,25473.33
P2926,wearables,Tashkent,online,2023,6,151.14,176,12,0.4,False,4.2,0.9,1576.01,26662.83
P2927,wearables,Tashkent,offline,2023,7,159.58,108,8,0.4,False,4.6,0.93,501.5,17165.7
P2928,wearables,Tashkent,online,2023,8,154.67,164,7,2.2,False,4.0,1.1,741.96,23748.96
P2929,wearables,Tashkent,offline,2023,9,163.93,158,3,4.8,False,3.9,0.94,1317.38,26124.67
P2930,wearables,Tashkent,offline,2023,10,157.03,107,6,0.5,,4.3,1.12,376.82,15780.73
P2931,wearables,Tashkent,online,2023,11,161.04,183,12,0.8,False,4.6,0.88,2054.97,29502.94
P2932,wearables,Tashkent,both,2023,12,159.26,186,11,4.4,False,4.4,1.04,2138.25,26644.2
P2933,wearables,Tashkent,offline,2024,1,147.7,188,12,0.0,,4.3,1.04,652.8,25995.2
P2934,wearables,Tashkent,online,2024,2,175.73,121,8,0.0,False,4.3,0.91,1609.3,21446.09
P2935,wearables,Tashkent,both,2024,3,145.51,237,12,4.2,False,4.2,1.07,1272.74,31364.68
P2936,wearables,Tashkent,both,2024,4,131.99,257,7,2.2,False,3.3,0.95,1045.38,32271.56
P2937,wearables,Tashkent,offline,2024,5,149.23,146,4,0.4,False,4.1,0.95,1235.44,21105.9
P2938,wearables,Tashkent,offline,2024,6,172.97,117,8,4.7,False,4.2,1.05,1451.28,17967.6
P2939,wearables,Tashkent,both,2024,7,134.97,358,20,23.1,True,4.3,1.09,1246.26,35081.67
P2940,wearables,Tashkent,online,2024,8,165.3,127,9,0.3,False,4.1,1.0,446.23,19446.88
P2941,wearables,Tashkent,offline,2024,9,176.22,137,7,30.0,True,4.2,1.16,488.42,16036.02
P2942,wearables,Tashkent,offline,2024,10,155.16,128,4,2.6,False,4.4,1.1,1511.76,18739.6
P2943,wearables,Tashkent,offline,2024,11,141.55,203,13,30.6,True,4.4,1.04,1319.83,18664.78
P2944,wearables,Tashkent,both,2024,12,145.56,301,16,0.9,False,4.2,1.16,3194.92,41111.24
P2945,wearables,Tashkent,offline,2023,1,173.97,140,9,1.0,False,3.7,1.03,1415.07,22562.17
P2946,wearables,Tashkent,both,2023,2,153.55,236,7,3.8,False,4.4,1.01,1263.61,33826.76
P2947,wearables,Tashkent,offline,2023,3,184.07,99,5,0.9,False,4.2,0.93,1030.08,18518.61
P2948,wearables,Tashkent,online,2023,4,176.82,140,4,1.7,False,3.9,1.11,1576.87,23638.71
P2949,wearables,Tashkent,online,2023,5,166.94,159,3,4.7,False,4.4,0.98,1567.09,24818.64
P2950,wearables,Tashkent,offline,2023,6,166.85,124,9,0.0,False,4.0,1.04,538.48,19187.75
P2951,wearables,Tashkent,offline,2023,7,149.89,207,9,23.9,True,3.8,0.89,2426.21,24391.94
P2952,wearables,Tashkent,offline,2023,8,161.31,150,8,1.5,,,0.91,1464.7,24367.42
P2953,wearables,Tashkent,both,2023,9,154.63,162,12,1.8,False,3.9,0.91,1808.43,24599.16
P2954,wearables,Tashkent,offline,2023,10,162.1,160,11,26.9,True,4.3,0.91,1026.26,19068.23
P2955,wearables,Tashkent,offline,2023,11,143.86,153,5,2.2,False,4.5,0.86,794.3,22488.7
P2956,wearables,Tashkent,offline,2023,12,165.17,136,3,5.0,False,4.6,1.0,1283.19,20869.23
P2957,wearables,Tashkent,offline,2024,1,163.05,150,9,1.5,False,4.1,1.07,1327.03,22645.2
P2958,wearables,Tashkent,offline,2024,2,161.86,196,5,31.9,True,4.4,1.01,1184.55,21053.29
P2959,wearables,Tashkent,offline,2024,3,159.27,134,9,2.9,False,,1.12,1110.27,19331.4
P2960,wearables,Tashkent,online,2024,4,143.81,187,12,3.2,False,4.3,1.16,1064.94,24361.41
P2961,wearables,Tashkent,online,2024,5,140.74,207,9,0.7,False,3.9,1.06,689.65,27671.45
P2962,wearables,Tashkent,both,2024,6,137.67,293,5,30.4,True,4.3,1.16,2193.87,27595.68
P2963,wearables,Tashkent,online,2024,7,164.54,118,6,3.3,False,4.1,1.02,1359.19,17820.34
P2964,wearables,Tashkent,both,2024,8,131.71,281,21,18.0,True,4.5,1.13,2772.53,28080.57
P2965,wearables,Tashkent,online,2024,9,152.49,244,13,23.1,True,4.4,1.08,782.74,27088.17
P2966,wearables,Tashkent,both,2024,10,152.95,205,6,3.8,False,3.8,1.0,1645.55,29280.44
P2967,wearables,Tashkent,both,2024,11,149.73,227,11,2.5,False,4.1,0.89,1642.55,34055.79
P2968,wearables,Tashkent,offline,2024,12,152.49,117,5,3.8,False,4.0,1.16,488.36,16429.88
P2969,wearables,Samarkand,online,2023,1,180.43,119,6,0.7,False,,1.08,1659.32,20245.87
P2970,wearables,Samarkand,offline,2023,2,155.51,153,3,1.5,False,4.2,0.9,1586.69,24814.73
P2971,wearables,Samarkand,online,2023,3,158.43,147,5,2.4,False,3.9,1.18,718.43,21957.13
P2972,wearables,Samarkand,offline,2023,4,171.06,109,5,3.3,False,4.2,0.86,931.05,18579.41
P2973,wearables,Samarkand,offline,2023,5,168.23,136,7,1.6,False,3.9,0.88,1588.86,23062.8
P2974,wearables,Samarkand,online,2023,6,178.0,133,8,20.7,True,3.9,0.93,709.59,19055.79
P2975,wearables,Samarkand,both,2023,7,168.22,147,8,2.0,False,4.8,0.87,1558.57,24748.12
P2976,wearables,Samarkand,offline,2023,8,164.43,149,4,2.3,False,3.9,1.12,1278.03,23293.98
P2977,wearables,Samarkand,offline,2023,9,163.78,161,4,26.1,True,3.9,1.09,1075.22,19002.25
P2978,wearables,Samarkand,both,2023,10,167.22,196,8,1.6,False,4.0,0.88,786.39,33409.11
P2979,wearables,Samarkand,online,2023,11,141.72,229,10,16.9,True,4.0,1.12,1892.64,25791.48
P2980,wearables,Samarkand,offline,2023,12,162.92,179,4,29.6,True,4.4,1.13,1390.32,20071.74
P2981,wearables,Samarkand,offline,2024,1,158.7,172,6,1.0,False,4.3,0.97,1345.71,26080.76
P2982,wearables,Samarkand,offline,2024,2,147.54,144,8,30.8,True,4.0,0.93,1246.25,14996.1
P2983,wearables,Samarkand,both,2024,3,136.63,209,10,2.4,False,4.4,0.87,1932.2,28659.78
P2984,wearables,Samarkand,offline,2024,4,177.97,106,4,2.2,False,4.7,0.87,582.78,19173.87
P2985,wearables,Samarkand,offline,2024,5,167.46,136,8,4.6,False,,1.03,594.23,20448.88
P2986,wearables,Samarkand,offline,2024,6,147.38,189,9,32.4,True,4.2,1.11,1296.96,17933.2
P2987,wearables,Samarkand,offline,2024,7,133.09,239,7,21.2,True,3.8,1.05,2332.18,24330.98
P2988,wearables,Samarkand,offline,2024,8,147.18,200,10,3.0,False,4.3,1.13,1806.48,27125.27
P2989,wearables,Samarkand,online,2024,9,155.84,172,8,2.9,False,4.2,1.1,799.4,24816.58
P2990,wearables,Samarkand,both,2024,10,149.14,222,6,4.5,False,,0.95,1212.33,30764.6
P2991,wearables,Samarkand,both,2024,11,158.29,208,12,4.5,,4.0,1.0,1766.8,29628.72
P2992,wearables,Samarkand,both,2024,12,132.11,295,12,3.5,False,3.7,1.03,2990.23,36078.58
P2993,wearables,Samarkand,both,2023,1,150.52,137,7,2.2,False,4.1,,1458.82,19137.11
P2994,wearables,Samarkand,both,2023,2,158.71,166,12,3.2,False,3.7,1.01,656.46,23659.22
P2995,wearables,Samarkand,online,2023,3,154.5,144,10,4.8,False,4.3,1.13,720.09,19709.26
P2996,wearables,Samarkand,offline,2023,4,159.18,133,3,2.6,False,3.6,1.1,1234.09,20155.37
P2997,wearables,Samarkand,online,2023,5,169.11,162,4,0.6,False,4.1,1.02,1433.52,26559.06
P2998,wearables,Samarkand,online,2023,6,172.57,149,10,0.1,False,5.0,1.08,1851.02,23963.24
P2999,wearables,Samarkand,both,2023,7,154.97,242,13,2.2,False,4.0,1.15,2830.58,34707.39
P3000,wearables,Samarkand,offline,2023,8,161.49,203,10,21.3,True,4.2,1.11,2139.8,24528.88
P3001,wearables,Samarkand,offline,2023,9,163.42,162,9,1.0,False,4.6,0.89,912.5,26733.49
P3002,wearables,Samarkand,offline,2023,10,156.9,234,8,34.7,True,4.2,1.08,1428.53,23154.99
P3003,wearables,Samarkand,online,2023,11,151.87,109,7,2.7,False,4.3,1.1,373.5,15072.49
P3004,wearables,Samarkand,online,2023,12,169.54,134,3,1.0,False,3.5,0.97,1404.67,21987.64
P3005,wearables,Samarkand,both,2024,1,149.34,198,4,4.6,False,4.0,1.06,1599.73,27639.25
P3006,wearables,Samarkand,online,2024,2,152.57,220,17,25.9,True,3.8,1.19,2366.13,22950.04
P3007,wearables,Samarkand,offline,2024,3,152.23,189,11,1.2,False,4.5,0.93,1416.72,28913.52
P3008,wearables,Samarkand,online,2024,4,140.61,195,8,1.5,False,3.7,1.09,618.44,25899.66
P3009,wearables,Samarkand,online,2024,5,161.95,135,9,2.3,False,3.8,1.12,933.4,19936.37
P3010,wearables,Samarkand,online,2024,6,161.97,142,5,1.9,False,4.0,0.87,1432.6,23509.74
P3011,wearables,Samarkand,offline,2024,7,157.35,159,9,34.0,True,,1.14,1879.97,15577.65
P3012,wearables,Samarkand,offline,2024,8,127.78,270,14,28.4,True,4.5,0.9,2718.91,25295.28
P3013,wearables,Samarkand,online,2024,9,164.31,205,5,25.2,True,3.8,1.01,1742.52,24580.78
P3014,wearables,Samarkand,offline,2024,10,167.23,187,10,2.9,False,3.8,0.87,1554.78,31040.63
P3015,wearables,Samarkand,online,2024,11,160.72,213,13,3.1,False,4.3,1.03,2252.96,31147.54
P3016,wearables,Samarkand,online,2024,12,150.03,167,12,1.6,False,4.1,0.89,1563.8,24713.19
P3017,wearables,Bukhara,both,2023,1,165.49,191,9,0.7,False,3.5,0.86,2467.69,32301.02
P3018,wearables,Bukhara,both,2023,2,153.33,244,17,3.8,False,4.3,1.14,2489.41,33483.29
P3019,wearables,Bukhara,both,2023,3,149.88,214,5,25.5,True,3.7,1.01,2079.85,23337.07
P3020,wearables,Bukhara,both,2023,4,158.25,210,14,24.0,True,4.1,0.88,2095.23,25458.75
P3021,wearables,Bukhara,offline,2023,5,182.82,102,7,1.0,False,4.7,0.92,515.85,18569.76
P3022,wearables,Bukhara,online,2023,6,153.6,142,4,28.1,True,3.5,1.15,1606.75,15240.5
P3023,wearables,Bukhara,offline,2023,7,162.91,124,8,0.0,False,4.2,1.09,1239.69,18897.56
P3024,wearables,Bukhara,both,2023,8,137.64,267,18,30.6,True,4.1,1.08,866.19,23785.02
P3025,wearables,Bukhara,offline,2023,9,171.53,106,6,0.7,False,3.8,1.06,1165.89,17032.93
P3026,wearables,Bukhara,offline,2023,10,166.2,182,5,2.9,False,4.0,0.91,746.76,30849.44
P3027,wearables,Bukhara,offline,2023,11,153.55,143,8,32.8,True,4.2,0.89,1530.59,15044.46
P3028,wearables,Bukhara,online,2023,12,160.52,183,8,19.3,True,4.4,0.9,1291.37,24483.0
P3029,wearables,Bukhara,offline,2024,1,133.37,231,15,26.9,True,4.2,0.99,866.72,21058.59
P3030,wearables,Bukhara,offline,2024,2,130.75,244,13,24.3,True,,0.86,821.4,24692.97
P3031,wearables,Bukhara,online,2024,3,168.78,185,8,0.1,False,4.0,1.11,689.32,29844.19
P3032,wearables,Bukhara,offline,2024,4,156.34,149,7,15.8,True,4.0,1.16,1381.49,18692.64
P3033,wearables,Bukhara,offline,2024,5,155.2,143,9,33.4,True,4.1,1.2,591.63,13850.67
P3034,wearables,Bukhara,online,2024,6,150.09,207,7,0.0,False,3.6,0.94,721.65,32419.44
P3035,wearables,Bukhara,both,2024,7,136.05,263,19,3.9,False,4.2,1.08,748.68,31901.55
P3036,wearables,Bukhara,online,2024,8,136.66,230,17,29.7,True,4.3,,1728.76,20463.33
P3037,wearables,Bukhara,online,2024,9,151.7,197,11,0.9,False,4.1,1.07,1230.88,27962.25
P3038,wearables,Bukhara,online,2024,10,144.18,166,11,2.3,False,4.3,1.1,513.3,21833.9
P3039,wearables,Bukhara,both,2024,11,116.77,399,10,25.8,True,4.2,1.05,1240.56,33704.26
P3040,wearables,Bukhara,both,2024,12,125.02,299,15,4.0,False,4.1,0.99,2446.47,34085.45
P3041,wearables,Bukhara,online,2023,1,159.28,137,6,2.4,False,4.7,1.09,602.58,20364.9
P3042,wearables,Bukhara,offline,2023,2,158.41,160,7,1.3,False,3.5,0.86,1646.25,25835.38
P3043,wearables,Bukhara,offline,2023,3,172.28,167,3,0.5,False,4.0,0.9,1330.1,30361.66
P3044,wearables,Bukhara,online,2023,4,166.93,159,10,4.7,False,4.7,1.18,851.89,23703.56
P3045,wearables,Bukhara,offline,2023,5,157.38,103,3,1.6,False,3.8,0.94,1242.88,16725.09
P3046,wearables,Bukhara,online,2023,6,155.56,160,4,20.5,True,,1.1,512.32,19292.55
P3047,wearables,Bukhara,online,2023,7,162.9,214,4,18.0,True,4.1,0.92,1152.78,30295.49
P3048,wearables,Bukhara,online,2023,8,147.51,188,8,29.3,True,4.1,0.93,739.71,20273.89
P3049,wearables,Bukhara,online,2023,9,168.23,154,4,5.0,False,4.5,0.86,2002.56,25890.59
P3050,wearables,Bukhara,both,2023,10,149.48,239,6,4.1,False,4.5,1.02,2716.2,33400.86
P3051,wearables,Bukhara,both,2023,11,157.95,214,13,3.6,False,3.9,1.04,2162.72,30605.02
P3052,wearables,Bukhara,online,2023,12,166.51,194,10,4.3,False,3.9,1.02,1146.13,29320.41
P3053,wearables,Bukhara,online,2024,1,156.56,256,15,25.3,True,4.1,0.88,2809.64,30439.83
P3054,wearables,Bukhara,both,2024,2,143.55,219,11,28.2,True,4.3,0.98,1117.55,21438.33
P3055,wearables,Bukhara,offline,2024,3,147.73,190,5,4.9,,4.1,0.85,1172.74,28070.15
P3056,wearables,Bukhara,online,2024,4,148.58,187,10,33.9,True,4.7,0.94,1525.93,18774.08
P3057,wearables,Bukhara,both,2024,5,139.22,214,5,0.3,False,4.5,1.1,2044.01,29009.69
P3058,wearables,Bukhara,both,2024,6,157.02,170,10,4.6,False,4.6,1.03,1489.17,23967.53
P3059,wearables,Bukhara,both,2024,7,167.33,180,9,0.7,False,4.0,0.94,1189.29,30686.19
P3060,wearables,Bukhara,online,2024,8,132.15,270,20,21.2,True,4.1,0.93,2845.33,28116.23
P3061,wearables,Bukhara,online,2024,9,165.82,167,8,34.0,True,3.9,1.09,2112.79,17401.15
P3062,wearables,Bukhara,offline,2024,10,146.54,205,12,0.1,False,4.4,1.16,807.05,28253.94
P3063,wearables,Bukhara,online,2024,11,147.67,137,2,2.1,False,4.4,1.03,960.9,19516.81
P3064,wearables,Bukhara,online,2024,12,142.59,197,5,4.9,False,4.3,1.11,2121.2,26035.79
P3065,wearables,Andijan,offline,2023,1,173.53,98,5,1.3,False,3.9,1.0,1106.85,15928.49
P3066,wearables,Andijan,online,2023,2,170.11,168,6,3.8,False,4.4,1.1,2235.94,26510.62
P3067,wearables,Andijan,online,2023,3,177.53,139,5,32.0,True,4.1,1.07,986.42,16176.53
P3068,wearables,Andijan,online,2023,4,162.39,160,10,1.0,,4.0,1.02,751.78,24114.91
P3069,wearables,Andijan,online,2023,5,162.27,134,4,2.0,False,4.6,1.11,599.55,20673.2
P3070,wearables,Andijan,offline,2023,6,179.79,126,8,2.5,False,3.9,1.1,979.67,20684.84
P3071,wearables,Andijan,offline,2023,7,152.16,128,10,0.7,False,4.5,1.0,1555.54,17829.2
P3072,wearables,Andijan,both,2023,8,137.97,246,11,3.1,False,4.0,1.14,2027.73,31417.84
P3073,wearables,Andijan,offline,2023,9,148.36,128,3,4.9,False,3.7,1.02,723.15,17636.29
P3074,wearables,Andijan,online,2023,10,139.69,242,10,21.1,True,4.1,1.11,1443.62,25569.98
P3075,wearables,Andijan,online,2023,11,157.85,150,9,20.1,True,3.9,1.05,718.0,17783.22
P3076,wearables,Andijan,both,2023,12,148.01,183,12,4.1,,4.3,0.89,1695.99,26213.77
P3077,wearables,Andijan,offline,2024,1,151.69,195,11,15.1,True,4.1,1.09,1991.81,23696.41
P3078,wearables,Andijan,offline,2024,2,163.16,174,6,2.6,False,4.3,1.13,1482.25,26698.2
P3079,wearables,Andijan,both,2024,3,127.67,267,18,4.2,False,4.3,0.91,2477.84,32891.03
P3080,wearables,Andijan,online,2024,4,171.7,138,9,0.9,False,4.1,0.89,1044.62,23705.96
P3081,wearables,Andijan,online,2024,5,142.26,163,8,4.7,False,4.5,1.16,999.49,21013.94
P3082,wearables,Andijan,both,2024,6,137.19,219,15,23.9,True,4.4,1.07,2245.69,21297.92
P3083,wearables,Andijan,online,2024,7,144.69,190,9,33.4,True,4.2,1.09,1782.86,17441.8
P3084,wearables,Andijan,offline,2024,8,154.13,170,4,3.9,False,4.2,1.07,1133.95,24587.74
P3085,wearables,Andijan,both,2024,9,142.16,293,19,3.1,False,4.4,0.88,2452.56,40763.88
P3086,wearables,Andijan,both,2024,10,134.43,280,5,1.8,,4.2,0.89,1218.12,39207.05
P3087,wearables,Andijan,offline,2024,11,135.17,216,11,33.5,True,3.8,1.03,590.0,18427.05
P3088,wearables,Andijan,online,2024,12,158.7,199,15,2.3,False,3.6,0.89,683.72,30811.51
P3089,wearables,Andijan,offline,2023,1,144.03,183,11,32.9,True,4.4,1.2,924.59,16622.79
P3090,wearables,Andijan,offline,2023,2,153.67,134,6,23.9,True,,1.15,1523.38,14968.69
P3091,wearables,Andijan,online,2023,3,166.88,142,5,3.6,False,3.7,1.03,494.88,22039.51
P3092,wearables,Andijan,offline,2023,4,175.48,115,8,0.7,False,4.6,1.19,600.08,18644.93
P3093,wearables,Andijan,both,2023,5,177.19,142,9,3.0,False,3.5,0.94,1509.23,24688.02
P3094,wearables,Andijan,online,2023,6,154.16,158,9,2.2,False,3.9,0.94,1728.93,24261.66
P3095,wearables,Andijan,both,2023,7,158.31,230,9,0.7,False,4.0,1.16,2527.2,34741.6
P3096,wearables,Andijan,offline,2023,8,144.75,220,17,34.6,True,3.5,1.08,2102.11,19217.3
P3097,wearables,Andijan,both,2023,9,136.81,327,23,27.4,,3.9,1.15,2245.94,30194.51
P3098,wearables,Andijan,online,2023,10,147.55,246,16,31.2,True,4.0,0.96,1223.87,23348.31
P3099,wearables,Andijan,online,2023,11,165.29,112,7,1.8,False,3.8,0.95,1162.12,17043.05
P3100,wearables,Andijan,online,2023,12,164.39,192,10,1.2,False,4.0,0.88,1248.35,31924.75
P3101,wearables,Andijan,both,2024,1,154.36,185,14,1.3,False,3.5,1.05,1298.45,26052.42
P3102,wearables,Andijan,both,2024,2,149.67,183,13,3.7,False,4.1,0.89,1445.09,26462.68
P3103,wearables,Andijan,online,2024,3,168.81,156,8,0.7,False,4.1,0.88,1099.11,26793.71
P3104,wearables,Andijan,online,2024,4,164.69,172,8,4.1,False,3.7,0.93,1218.08,27973.92
P3105,wearables,Andijan,online,2024,5,166.95,154,10,5.0,False,3.8,0.9,1066.62,24665.86
P3106,wearables,Andijan,offline,2024,6,156.14,167,11,22.2,True,4.3,1.11,1273.55,18950.4
P3107,wearables,Andijan,both,2024,7,154.59,225,11,1.1,False,4.0,0.86,1083.23,35335.83
P3108,wearables,Andijan,offline,2024,8,154.02,188,8,1.6,False,4.3,0.91,665.65,29462.42
P3109,wearables,Andijan,offline,2024,9,151.45,183,14,2.6,False,4.3,1.03,1053.61,24929.58
P3110,wearables,Andijan,online,2024,10,145.34,143,6,3.3,False,4.0,0.92,1012.04,20794.86
P3111,wearables,Andijan,online,2024,11,156.37,140,10,3.6,False,3.8,0.9,1230.86,21163.99
P3112,wearables,Andijan,online,2024,12,163.06,195,8,3.0,False,4.3,1.09,693.57,29577.45
P3113,wearables,Namangan,online,2023,1,158.78,136,4,3.4,False,3.9,1.12,768.37,20246.36
P3114,wearables,Namangan,online,2023,2,162.97,184,10,24.5,True,3.6,1.11,2321.54,21409.37
P3115,wearables,Namangan,online,2023,3,154.98,132,4,0.0,False,4.0,1.01,1313.46,19837.44
P3116,wearables,Namangan,offline,2023,4,157.64,132,6,1.3,False,3.9,0.88,1295.7,21172.78
P3117,wearables,Namangan,online,2023,5,149.75,143,4,0.9,False,3.6,1.01,693.28,20627.91
P3118,wearables,Namangan,online,2023,6,135.82,228,15,30.2,True,4.4,1.14,1829.37,20192.9
P3119,wearables,Namangan,offline,2023,7,143.73,175,11,0.8,False,4.4,0.98,939.13,23383.15
P3120,wearables,Namangan,both,2023,8,136.48,209,5,0.9,False,4.6,1.0,1560.71,27591.34
P3121,wearables,Namangan,online,2023,9,149.44,119,5,0.9,False,4.5,1.04,457.73,16882.83
P3122,wearables,Namangan,both,2023,10,146.14,293,15,16.2,True,4.0,1.15,2013.98,34045.36
P3123,wearables,Namangan,both,2023,11,150.61,263,19,0.4,False,3.6,1.16,2420.79,36601.84
P3124,wearables,Namangan,both,2023,12,158.94,219,16,18.7,True,4.3,0.98,1163.72,26231.3
P3125,wearables,Namangan,online,2024,1,157.2,122,9,2.2,False,4.1,0.93,1031.21,18762.62
P3126,wearables,Namangan,both,2024,2,139.53,194,11,4.4,False,4.1,1.06,2143.81,24410.49
P3127,wearables,Namangan,online,2024,3,166.45,131,8,0.6,False,4.4,1.04,549.93,20350.51
P3128,wearables,Namangan,both,2024,4,128.94,264,14,34.5,True,4.1,1.0,937.0,21113.92
P3129,wearables,Namangan,offline,2024,5,155.83,142,10,0.9,False,3.9,1.19,1223.38,20384.43
P3130,wearables,Namangan,online,2024,6,141.85,170,8,3.6,False,4.0,1.04,918.31,22152.43
P3131,wearables,Namangan,online,2024,7,157.69,212,4,4.2,False,4.1,1.1,875.77,31421.94
P3132,wearables,Namangan,both,2024,8,135.42,243,18,3.9,False,4.1,1.12,2522.98,29281.19
P3133,wearables,Namangan,both,2024,9,152.09,213,7,15.7,True,4.3,,1048.87,28524.58
P3134,wearables,Namangan,online,2024,10,162.6,193,13,33.1,True,,0.97,2460.51,19580.29
P3135,wearables,Namangan,online,2024,11,156.04,142,8,1.6,False,4.3,0.99,1113.59,20574.81
P3136,wearables,Namangan,offline,2024,12,145.99,181,12,1.0,False,4.0,0.92,785.65,26379.64
P3137,wearables,Namangan,both,2023,1,157.81,149,7,0.0,False,3.8,1.04,1380.41,22409.02
P3138,wearables,Namangan,online,2023,2,166.4,160,11,0.5,False,4.5,0.87,1778.6,26643.2
P3139,wearables,Namangan,both,2023,3,149.18,238,18,3.1,False,4.3,1.02,1132.08,31802.19
P3140,wearables,Namangan,offline,2023,4,153.45,121,5,4.5,False,4.3,1.06,1337.19,16999.19
P3141,wearables,Namangan,offline,2023,5,152.62,165,4,4.9,False,4.3,0.88,849.77,25237.22
P3142,wearables,Namangan,offline,2023,6,167.93,170,6,20.5,True,4.3,1.08,1442.3,21894.71
P3143,wearables,Namangan,both,2023,7,157.28,205,9,32.8,True,3.6,0.86,1749.63,22372.91
P3144,wearables,Namangan,online,2023,8,152.75,149,5,4.4,False,4.3,0.92,1418.14,22710.43
P3145,wearables,Namangan,online,2023,9,150.84,179,6,1.6,False,4.1,1.05,710.22,25677.79
P3146,wearables,Namangan,online,2023,10,157.97,151,7,4.6,False,3.9,0.9,1144.21,23437.39
P3147,wearables,Namangan,both,2023,11,156.08,240,6,0.8,False,3.6,0.94,2542.49,39128.98
P3148,wearables,Namangan,online,2023,12,158.18,179,13,3.7,False,4.0,0.96,1488.31,25286.34
P3149,wearables,Namangan,offline,2024,1,169.35,157,5,1.0,False,4.1,1.06,1422.23,25483.79
P3150,wearables,Namangan,offline,2024,2,144.81,157,9,1.7,False,4.3,1.08,1764.3,21067.54
P3151,wearables,Namangan,online,2024,3,161.55,141,9,3.9,False,3.5,1.04,1784.92,20492.94
P3152,wearables,Namangan,online,2024,4,142.83,187,3,3.9,False,4.0,1.03,1171.84,25255.77
P3153,wearables,Namangan,online,2024,5,157.15,128,8,1.1,False,4.4,0.88,1109.07,20142.6
P3154,wearables,Namangan,online,2024,6,165.13,168,6,25.7,True,3.8,,2109.2,19876.04
P3155,wearables,Namangan,offline,2024,7,150.4,200,6,2.8,,4.1,1.08,765.19,28360.63
P3156,wearables,Namangan,both,2024,8,145.88,195,10,1.4,False,3.5,1.06,1913.99,26609.97
P3157,wearables,Namangan,offline,2024,9,170.95,148,4,2.2,False,3.9,1.14,1026.23,24075.23
P3158,wearables,Namangan,both,2024,10,140.45,215,15,0.3,False,4.2,1.08,637.93,28005.73
P3159,wearables,Namangan,online,2024,11,136.83,244,7,22.4,True,4.0,0.95,1596.57,25164.68
P3160,wearables,Namangan,online,2024,12,142.74,160,12,0.2,False,4.0,1.18,653.5,21083.27
P3161,cameras,Tashkent,offline,2023,1,455.57,50,3,30.0,True,5.0,1.15,989.85,14988.25
P3162,cameras,Tashkent,online,2023,2,372.05,56,1,2.9,False,4.5,0.91,755.94,21458.88
P3163,cameras,Tashkent,online,2023,3,452.72,48,1,3.4,False,4.3,0.99,450.82,20554.39
P3164,cameras,Tashkent,both,2023,4,382.35,53,1,2.2,False,4.1,0.92,525.83,21000.37
P3165,cameras,Tashkent,online,2023,5,471.27,38,1,1.0,False,3.6,1.03,870.28,17262.62
P3166,cameras,Tashkent,offline,2023,6,478.48,29,1,1.0,False,4.3,0.95,796.76,13263.47
P3167,cameras,Tashkent,online,2023,7,404.32,51,2,21.8,True,3.2,1.14,1024.11,15492.73
P3168,cameras,Tashkent,offline,2023,8,458.89,45,1,20.7,True,4.6,0.96,1368.89,16011.59
P3169,cameras,Tashkent,online,2023,9,425.32,35,2,3.9,False,3.9,0.94,807.08,14567.22
P3170,cameras,Tashkent,both,2023,10,352.61,96,6,19.5,True,4.2,0.9,1813.2,27590.32
P3171,cameras,Tashkent,online,2023,11,441.54,34,1,3.7,False,3.7,0.85,605.51,15154.24
P3172,cameras,Tashkent,offline,2023,12,419.72,49,1,4.7,False,3.5,0.99,755.02,19199.67
P3173,cameras,Tashkent,online,2024,1,471.74,30,0,2.9,False,4.0,1.0,541.8,13741.79
P3174,cameras,Tashkent,both,2024,2,383.33,66,5,2.3,False,4.2,1.03,924.67,22845.32
P3175,cameras,Tashkent,offline,2024,3,441.34,36,2,2.3,False,4.6,0.94,712.52,15833.26
P3176,cameras,Tashkent,offline,2024,4,414.34,36,2,2.8,False,3.7,1.19,358.42,13693.11
P3177,cameras,Tashkent,offline,2024,5,435.1,29,1,2.6,False,4.3,1.01,952.28,11866.05
P3178,cameras,Tashkent,online,2024,6,447.98,29,1,1.7,False,4.2,1.08,912.75,12330.2
P3179,cameras,Tashkent,offline,2024,7,464.32,41,3,15.7,True,4.2,0.94,865.97,16063.95
P3180,cameras,Tashkent,offline,2024,8,437.84,47,2,15.4,True,4.4,1.1,1507.58,16668.57
P3181,cameras,Tashkent,online,2024,9,414.65,32,2,2.1,False,4.6,1.12,754.44,12178.27
P3182,cameras,Tashkent,both,2024,10,401.77,60,3,1.1,False,4.0,1.09,1651.28,22648.98
P3183,cameras,Tashkent,online,2024,11,435.13,32,2,1.5,False,4.0,1.15,699.31,12858.09
P3184,cameras,Tashkent,offline,2024,12,412.95,43,1,5.0,False,3.8,0.86,1069.76,17794.84
P3185,cameras,Tashkent,online,2023,1,361.1,69,3,28.0,True,4.2,1.04,1098.5,17159.47
P3186,cameras,Tashkent,both,2023,2,356.7,73,4,16.4,True,,1.05,2024.0,20575.88
P3187,cameras,Tashkent,both,2023,3,406.35,66,3,30.3,True,3.9,1.05,1399.7,17843.23
P3188,cameras,Tashkent,online,2023,4,464.63,46,3,30.4,True,3.9,0.93,543.43,15017.89
P3189,cameras,Tashkent,both,2023,5,430.98,62,2,1.5,False,4.0,0.86,1685.49,27508.59
P3190,cameras,Tashkent,offline,2023,6,466.58,45,2,0.4,False,4.3,1.19,800.98,19982.69
P3191,cameras,Tashkent,both,2023,7,410.15,43,2,3.9,False,4.1,0.98,542.81,16160.32
P3192,cameras,Tashkent,offline,2023,8,390.65,39,2,1.3,False,4.2,0.91,1218.22,15407.44
P3193,cameras,Tashkent,online,2023,9,402.55,49,3,3.9,False,4.0,1.09,1367.36,17795.13
P3194,cameras,Tashkent,online,2023,10,440.15,32,0,4.3,False,3.7,1.07,1087.78,13479.15
P3195,cameras,Tashkent,online,2023,11,432.46,42,2,32.3,True,4.3,1.08,638.55,11711.02
P3196,cameras,Tashkent,both,2023,12,434.65,64,1,3.3,,4.1,0.85,2124.4,28597.65
P3197,cameras,Tashkent,both,2024,1,384.07,56,1,27.6,,4.3,1.03,1126.27,15293.67
P3198,cameras,Tashkent,offline,2024,2,383.51,50,1,0.8,False,4.1,0.91,1471.76,20132.98
P3199,cameras,Tashkent,offline,2024,3,454.69,45,1,4.2,False,4.6,0.86,590.06,20699.38
P3200,cameras,Tashkent,offline,2024,4,444.6,35,1,3.2,False,4.1,0.95,381.49,14632.68
P3201,cameras,Tashkent,offline,2024,5,397.9,41,3,3.0,False,4.3,1.02,709.9,14666.59
P3202,cameras,Tashkent,online,2024,6,443.41,40,2,24.1,True,4.1,1.13,1412.81,12788.83
P3203,cameras,Tashkent,offline,2024,7,405.19,47,3,1.1,False,3.9,1.07,762.53,17632.25
P3204,cameras,Tashkent,offline,2024,8,392.12,38,2,0.9,False,4.5,0.95,889.79,13989.27
P3205,cameras,Tashkent,offline,2024,9,409.78,52,1,15.4,True,4.9,1.01,744.07,17680.37
P3206,cameras,Tashkent,online,2024,10,423.15,41,2,4.1,False,3.9,0.94,739.13,17092.33
P3207,cameras,Tashkent,both,2024,11,362.85,88,5,17.7,True,4.2,0.97,1976.65,24785.92
P3208,cameras,Tashkent,offline,2024,12,450.66,28,1,2.2,False,4.1,1.18,766.95,11900.13
P3209,cameras,Samarkand,both,2023,1,371.99,74,3,4.4,False,4.4,1.1,1296.7,25249.19
P3210,cameras,Samarkand,offline,2023,2,456.22,36,2,2.1,False,4.4,1.19,555.94,15185.74
P3211,cameras,Samarkand,online,2023,3,452.44,43,1,4.9,False,4.1,1.05,1050.89,18071.36
P3212,cameras,Samarkand,offline,2023,4,452.66,51,1,0.7,False,4.1,0.94,1299.49,24272.54
P3213,cameras,Samarkand,offline,2023,5,377.79,51,1,23.3,True,3.5,1.05,589.87,14488.25
P3214,cameras,Samarkand,both,2023,6,416.17,78,4,4.7,False,4.4,0.9,2430.98,31697.07
P3215,cameras,Samarkand,offline,2023,7,405.59,42,2,3.8,False,4.4,1.03,1066.5,15607.1
P3216,cameras,Samarkand,offline,2023,8,385.14,65,3,19.9,True,4.0,0.87,1923.91,20656.97
P3217,cameras,Samarkand,both,2023,9,361.71,71,3,1.0,False,4.4,0.88,2040.71,26298.35
P3218,cameras,Samarkand,offline,2023,10,367.27,63,3,34.6,,4.7,1.18,666.55,14411.67
P3219,cameras,Samarkand,offline,2023,11,472.57,29,1,3.7,False,4.6,1.11,737.87,12742.38
P3220,cameras,Samarkand,online,2023,12,425.93,45,2,18.0,True,3.7,1.04,535.59,15018.29
P3221,cameras,Samarkand,offline,2024,1,457.36,43,1,1.9,False,4.4,0.9,1465.46,20351.68
P3222,cameras,Samarkand,online,2024,2,388.41,45,1,0.9,False,3.5,0.93,947.57,18291.13
P3223,cameras,Samarkand,offline,2024,3,455.92,42,1,3.1,False,4.5,1.17,1036.0,18113.25
P3224,cameras,Samarkand,both,2024,4,429.86,72,5,0.2,False,4.0,,1610.54,28743.02
P3225,cameras,Samarkand,both,2024,5,416.84,79,3,24.0,True,4.5,1.05,2591.3,24076.68
P3226,cameras,Samarkand,online,2024,6,430.63,51,3,3.9,False,4.4,0.85,765.92,21453.23
P3227,cameras,Samarkand,both,2024,7,399.95,43,1,1.1,False,,0.96,761.56,16613.12
P3228,cameras,Samarkand,online,2024,8,444.92,40,3,0.4,False,4.6,0.97,597.0,16396.19
P3229,cameras,Samarkand,online,2024,9,467.41,44,1,0.7,False,3.8,1.06,498.91,19957.94
P3230,cameras,Samarkand,online,2024,10,400.84,33,1,1.5,False,3.8,0.95,1055.29,12634.48
P3231,cameras,Samarkand,online,2024,11,388.21,41,1,1.4,False,3.5,1.0,441.21,15311.0
P3232,cameras,Samarkand,online,2024,12,453.68,49,2,3.5,False,4.5,0.96,1481.51,20576.66
P3233,cameras,Samarkand,offline,2023,1,467.01,45,3,3.4,False,4.3,1.09,1632.08,18947.53
P3234,cameras,Samarkand,online,2023,2,412.53,40,3,1.9,False,4.2,0.86,1135.89,16171.49
P3235,cameras,Samarkand,offline,2023,3,432.74,29,1,3.7,False,4.3,1.14,447.19,11668.4
P3236,cameras,Samarkand,both,2023,4,378.56,67,5,3.3,False,4.0,0.87,1255.84,24511.89
P3237,cameras,Samarkand,offline,2023,5,466.43,36,1,15.3,True,4.3,0.95,354.34,13827.32
P3238,cameras,Samarkand,both,2023,6,397.16,71,4,0.9,False,4.1,0.86,917.58,28479.85
P3239,cameras,Samarkand,offline,2023,7,443.99,47,2,0.2,False,4.5,0.99,1604.95,19939.59
P3240,cameras,Samarkand,offline,2023,8,441.53,29,0,2.7,False,4.0,0.96,723.25,12458.65
P3241,cameras,Samarkand,online,2023,9,449.22,40,1,3.5,False,4.3,1.1,501.85,16906.39
P3242,cameras,Samarkand,online,2023,10,422.44,70,3,25.1,True,4.4,0.87,1955.14,22895.25
P3243,cameras,Samarkand,offline,2023,11,408.52,58,3,34.4,True,4.6,0.89,1468.03,15918.55
P3244,cameras,Samarkand,online,2023,12,430.85,50,3,4.9,False,4.3,0.88,688.96,20798.32
P3245,cameras,Samarkand,both,2024,1,384.23,68,2,20.5,True,4.4,,814.88,20160.55
P3246,cameras,Samarkand,online,2024,2,416.1,39,2,2.3,False,4.3,1.2,467.43,15041.6
P3247,cameras,Samarkand,online,2024,3,388.81,41,1,2.4,False,4.1,1.1,1235.68,15179.14
P3248,cameras,Samarkand,online,2024,4,441.57,51,3,4.6,False,4.0,0.88,1464.77,21838.0
P3249,cameras,Samarkand,online,2024,5,427.35,49,2,3.6,False,3.7,1.13,1672.45,19362.37
P3250,cameras,Samarkand,online,2024,6,458.04,34,2,2.9,False,4.5,0.98,1223.65,14232.22
P3251,cameras,Samarkand,online,2024,7,408.14,46,2,0.6,False,3.9,0.93,812.85,19278.44
P3252,cameras,Samarkand,offline,2024,8,417.21,45,1,0.2,False,4.1,1.0,384.91,18320.53
P3253,cameras,Samarkand,online,2024,9,386.53,49,1,3.2,False,4.6,0.89,1355.63,19396.51
P3254,cameras,Samarkand,offline,2024,10,384.08,49,2,3.7,False,4.2,0.9,529.13,18774.55
P3255,cameras,Samarkand,offline,2024,11,453.08,42,1,2.3,False,3.8,0.93,508.59,19600.95
P3256,cameras,Samarkand,offline,2024,12,447.4,43,1,23.6,True,4.3,1.19,787.4,14356.17
P3257,cameras,Bukhara,both,2023,1,400.16,54,4,4.1,False,4.1,0.96,1400.89,19187.67
P3258,cameras,Bukhara,both,2023,2,397.15,69,1,17.5,True,4.1,1.05,1729.21,22280.11
P3259,cameras,Bukhara,offline,2023,3,410.0,38,2,4.4,False,4.2,0.99,1122.03,14110.56
P3260,cameras,Bukhara,offline,2023,4,440.83,33,1,2.5,False,3.9,0.99,301.48,13753.9
P3261,cameras,Bukhara,both,2023,5,418.98,72,3,1.5,False,4.0,1.15,882.55,28475.98
P3262,cameras,Bukhara,offline,2023,6,419.38,29,0,4.0,,4.3,1.03,263.07,11675.54
P3263,cameras,Bukhara,offline,2023,7,453.34,36,0,27.7,True,4.1,1.0,666.06,11799.53
P3264,cameras,Bukhara,offline,2023,8,396.99,39,1,19.9,True,4.2,1.0,556.15,12083.58
P3265,cameras,Bukhara,both,2023,9,386.62,68,4,0.5,False,3.9,1.01,611.64,24619.96
P3266,cameras,Bukhara,both,2023,10,374.99,94,5,25.5,True,3.4,0.99,2744.68,24863.71
P3267,cameras,Bukhara,both,2023,11,390.1,55,4,1.7,False,4.0,0.96,1210.87,19556.88
P3268,cameras,Bukhara,online,2023,12,435.39,41,2,0.0,False,,0.87,555.95,18338.63
P3269,cameras,Bukhara,online,2024,1,429.1,41,2,3.7,False,4.2,1.07,946.86,16115.71
P3270,cameras,Bukhara,online,2024,2,410.27,40,2,0.9,False,,1.09,922.65,15449.95
P3271,cameras,Bukhara,offline,2024,3,451.03,30,-5,4.3,False,4.8,1.17,532.16,12517.44
P3272,cameras,Bukhara,both,2024,4,423.33,72,4,2.3,False,4.4,1.06,951.27,28124.35
P3273,cameras,Bukhara,online,2024,5,478.28,34,2,0.8,False,4.5,0.87,557.74,16397.12
P3274,cameras,Bukhara,online,2024,6,482.05,35,1,0.3,False,3.9,0.93,1145.64,17647.77
P3275,cameras,Bukhara,offline,2024,7,446.43,40,2,27.1,True,4.2,1.09,712.22,12367.0
P3276,cameras,Bukhara,online,2024,8,372.33,64,4,22.8,True,,1.0,1100.55,17246.33
P3277,cameras,Bukhara,offline,2024,9,484.73,31,0,0.6,False,4.5,1.19,492.97,14936.47
P3278,cameras,Bukhara,online,2024,10,446.03,38,2,3.9,,3.7,1.02,814.34,15430.85
P3279,cameras,Bukhara,online,2024,11,456.1,37,0,3.5,False,3.6,1.11,366.15,16285.05
P3280,cameras,Bukhara,both,2024,12,383.97,71,4,15.7,True,4.6,0.91,1368.69,23421.97
P3281,cameras,Bukhara,online,2023,1,470.03,33,2,3.2,False,4.2,1.16,561.73,14104.66
P3282,cameras,Bukhara,offline,2023,2,453.65,41,1,2.5,False,4.3,1.0,786.3,17692.35
P3283,cameras,Bukhara,both,2023,3,380.86,59,2,4.2,False,3.8,1.08,930.51,20797.24
P3284,cameras,Bukhara,both,2023,4,448.61,57,2,1.3,False,4.5,0.87,1391.58,26301.01
P3285,cameras,Bukhara,online,2023,5,399.1,47,1,2.6,False,3.8,1.09,1217.63,17881.28
P3286,cameras,Bukhara,both,2023,6,398.7,73,4,0.4,False,3.9,1.1,1328.21,27400.26
P3287,cameras,Bukhara,offline,2023,7,421.32,36,2,4.3,False,4.3,1.14,1008.71,13708.91
P3288,cameras,Bukhara,offline,2023,8,441.71,39,1,32.9,True,4.0,0.89,1087.28,12163.74
P3289,cameras,Bukhara,offline,2023,9,444.36,41,3,3.3,False,4.1,1.18,613.58,16328.45
P3290,cameras,Bukhara,online,2023,10,435.8,34,2,3.7,False,4.4,1.16,418.56,13429.61
P3291,cameras,Bukhara,online,2023,11,464.45,43,1,4.7,False,4.5,0.91,875.97,20077.29
P3292,cameras,Bukhara,offline,2023,12,463.99,39,2,3.9,False,3.6,1.17,501.72,16498.09
P3293,cameras,Bukhara,offline,2024,1,390.9,43,3,3.3,False,4.1,0.87,1039.65,16329.61
P3294,cameras,Bukhara,both,2024,2,364.91,86,5,21.1,True,4.5,1.05,1637.8,23321.03
P3295,cameras,Bukhara,both,2024,3,416.23,54,3,28.7,True,3.7,0.92,1364.23,16346.2
P3296,cameras,Bukhara,online,2024,4,380.39,59,1,22.9,True,4.0,1.14,528.79,17010.28
P3297,cameras,Bukhara,both,2024,5,385.62,53,2,0.5,False,4.6,1.09,907.06,19568.29
P3298,cameras,Bukhara,online,2024,6,456.18,51,3,1.6,False,3.9,0.98,1154.23,21546.29
P3299,cameras,Bukhara,online,2024,7,434.08,34,0,0.0,False,3.9,1.13,662.6,14758.72
P3300,cameras,Bukhara,offline,2024,8,407.88,54,2,22.1,True,4.2,0.9,1619.02,17844.19
P3301,cameras,Bukhara,both,2024,9,373.82,85,2,20.9,True,4.3,1.04,2374.49,24542.4
P3302,cameras,Bukhara,both,2024,10,398.66,86,5,32.3,True,4.0,1.01,2657.07,21861.32
P3303,cameras,Bukhara,offline,2024,11,396.89,53,2,33.3,True,4.0,1.13,840.71,13501.01
P3304,cameras,Bukhara,online,2024,12,391.97,40,2,3.0,False,4.3,1.11,513.57,14448.01
P3305,cameras,Andijan,offline,2023,1,428.41,64,3,24.5,True,4.5,1.05,1349.49,19730.42
P3306,cameras,Andijan,both,2023,2,401.77,49,2,1.0,False,3.7,0.94,409.31,20189.91
P3307,cameras,Andijan,online,2023,3,413.41,47,1,28.8,True,3.3,1.05,969.49,13540.0
P3308,cameras,Andijan,offline,2023,4,414.82,43,2,31.6,True,4.1,0.87,1060.81,12563.87
P3309,cameras,Andijan,offline,2023,5,424.87,56,1,31.2,True,4.2,1.17,1333.06,16077.08
P3310,cameras,Andijan,both,2023,6,446.0,52,1,0.1,False,4.3,0.96,520.71,22723.25
P3311,cameras,Andijan,online,2023,7,421.34,47,2,2.7,False,3.6,0.89,762.92,19924.24
P3312,cameras,Andijan,offline,2023,8,474.81,35,1,2.6,False,3.7,0.85,852.84,16981.71
P3313,cameras,Andijan,both,2023,9,427.99,53,3,4.4,False,4.3,1.05,670.31,20457.92
P3314,cameras,Andijan,offline,2023,10,417.46,67,3,22.2,True,4.0,1.1,1829.36,20786.17
P3315,cameras,Andijan,online,2023,11,466.9,42,2,1.0,False,3.8,0.98,606.09,18489.24
P3316,cameras,Andijan,offline,2023,12,444.38,43,3,1.9,False,4.4,1.04,1406.59,17437.47
P3317,cameras,Andijan,both,2024,1,393.11,58,2,0.7,False,,0.96,1308.09,21860.06
P3318,cameras,Andijan,offline,2024,2,393.89,46,1,29.5,True,4.4,1.02,851.93,12496.16
P3319,cameras,Andijan,offline,2024,3,452.25,50,3,1.1,False,4.1,1.13,1487.33,21021.94
P3320,cameras,Andijan,offline,2024,4,440.64,48,2,3.1,False,4.2,1.08,1123.77,19641.09
P3321,cameras,Andijan,both,2024,5,423.96,60,4,0.4,False,4.0,0.92,1309.78,25538.53
P3322,cameras,Andijan,both,2024,6,420.11,58,2,0.2,False,4.3,0.92,1239.06,25357.44
P3323,cameras,Andijan,offline,2024,7,430.65,47,3,22.4,True,4.2,0.91,1408.87,15880.44
P3324,cameras,Andijan,online,2024,8,419.58,52,4,32.2,True,3.8,1.09,958.16,13654.81
P3325,cameras,Andijan,online,2024,9,400.23,44,2,4.7,False,3.9,0.97,445.41,16019.61
P3326,cameras,Andijan,both,2024,10,433.3,44,2,3.9,False,3.9,0.99,1131.33,17488.85
P3327,cameras,Andijan,both,2024,11,455.27,43,2,3.2,False,4.5,1.12,1525.87,18068.76
P3328,cameras,Andijan,online,2024,12,420.92,48,2,17.9,True,4.0,0.99,1139.55,15896.46
P3329,cameras,Andijan,online,2023,1,429.14,65,3,28.2,True,4.1,1.1,631.92,19103.6
P3330,cameras,Andijan,offline,2023,2,457.19,45,3,3.9,False,4.2,1.2,647.25,18453.1
P3331,cameras,Andijan,offline,2023,3,416.4,49,3,3.7,False,4.4,1.16,530.68,18445.69
P3332,cameras,Andijan,online,2023,4,443.81,49,3,2.2,False,3.8,0.98,1274.84,19966.12
P3333,cameras,Andijan,offline,2023,5,445.37,46,2,2.6,False,4.2,0.98,1035.54,19086.78
P3334,cameras,Andijan,online,2023,6,418.46,38,0,2.4,False,4.3,1.17,415.73,15519.84
P3335,cameras,Andijan,online,2023,7,370.67,60,4,23.0,True,4.5,0.99,1691.67,15983.29
P3336,cameras,Andijan,offline,2023,8,468.04,38,1,24.0,,4.5,0.87,1297.43,14214.18
P3337,cameras,Andijan,online,2023,9,429.42,51,2,1.8,False,4.1,1.05,823.6,20662.83
P3338,cameras,Andijan,both,2023,10,387.5,71,5,4.3,False,5.0,1.14,659.85,24475.27
P3339,cameras,Andijan,online,2023,11,422.4,48,3,28.2,True,3.8,0.98,1264.87,13647.74
P3340,cameras,Andijan,online,2023,12,438.86,46,2,1.2,False,4.8,1.19,1341.29,19078.12
P3341,cameras,Andijan,online,2024,1,419.87,54,3,33.4,True,3.6,0.93,691.59,15402.2
P3342,cameras,Andijan,online,2024,2,386.1,48,3,1.7,False,3.4,1.04,1019.02,17079.13
P3343,cameras,Andijan,both,2024,3,377.14,71,3,22.7,True,4.2,0.89,1729.27,21409.91
P3344,cameras,Andijan,offline,2024,4,466.34,42,2,2.4,False,4.4,1.17,1108.3,18205.91
P3345,cameras,Andijan,offline,2024,5,478.25,35,0,4.5,False,4.0,1.04,983.1,15985.51
P3346,cameras,Andijan,both,2024,6,453.5,43,1,1.5,False,3.9,1.02,1207.92,18761.29
P3347,cameras,Andijan,online,2024,7,397.46,48,2,2.4,False,5.0,1.06,1204.55,17844.36
P3348,cameras,Andijan,online,2024,8,470.05,44,2,4.9,False,4.4,0.86,601.72,20276.72
P3349,cameras,Andijan,both,2024,9,411.82,72,4,2.9,False,3.8,0.89,2177.62,29366.98
P3350,cameras,Andijan,offline,2024,10,468.45,29,1,4.9,False,4.6,1.18,272.92,12473.89
P3351,cameras,Andijan,both,2024,11,378.47,69,5,4.1,False,4.6,0.89,1587.83,25087.29
P3352,cameras,Andijan,both,2024,12,423.63,72,3,19.2,True,4.6,1.0,1013.94,23618.22
P3353,cameras,Namangan,offline,2023,1,388.19,48,2,4.3,False,4.0,0.95,823.89,17088.9
P3354,cameras,Namangan,online,2023,2,458.2,44,1,16.3,True,4.6,0.99,839.29,16491.08
P3355,cameras,Namangan,both,2023,3,332.64,97,4,22.7,True,4.3,1.05,2159.82,23913.16
P3356,cameras,Namangan,offline,2023,4,444.9,38,2,1.7,False,4.4,0.91,523.46,17003.65
P3357,cameras,Namangan,offline,2023,5,444.86,51,1,1.5,False,4.3,1.13,1562.31,21909.35
P3358,cameras,Namangan,online,2023,6,406.1,50,3,0.3,False,4.8,0.92,1547.39,20551.8
P3359,cameras,Namangan,both,2023,7,368.33,76,3,2.7,False,4.5,0.93,561.19,28255.08
P3360,cameras,Namangan,offline,2023,8,416.92,43,2,22.6,True,4.8,0.88,1097.14,14288.98
P3361,cameras,Namangan,online,2023,9,404.31,34,2,1.3,False,3.9,1.06,536.24,12769.73
P3362,cameras,Namangan,online,2023,10,401.92,30,1,1.6,False,4.3,1.02,556.18,11469.19
P3363,cameras,Namangan,online,2023,11,405.05,62,3,16.2,True,3.4,0.88,812.86,21628.6
P3364,cameras,Namangan,online,2023,12,432.24,39,2,23.3,True,4.0,1.18,352.1,12266.54
P3365,cameras,Namangan,both,2024,1,407.03,71,2,27.6,True,4.1,1.01,669.67,20333.59
P3366,cameras,Namangan,offline,2024,2,481.64,27,1,4.1,False,4.5,,891.03,12969.95
P3367,cameras,Namangan,online,2024,3,462.88,33,0,0.1,False,4.2,1.19,701.19,15259.76
P3368,cameras,Namangan,online,2024,4,451.71,52,2,0.1,False,4.3,1.14,706.83,22562.91
P3369,cameras,Namangan,both,2024,5,371.52,83,3,15.7,True,4.2,1.05,652.05,25055.31
P3370,cameras,Namangan,both,2024,6,371.57,70,1,3.7,False,4.7,0.9,733.42,26664.89
P3371,cameras,Namangan,online,2024,7,482.18,34,2,0.7,False,4.5,1.08,421.92,15321.75
P3372,cameras,Namangan,offline,2024,8,410.86,27,0,3.8,False,4.3,0.96,370.71,10671.68
P3373,cameras,Namangan,online,2024,9,422.12,40,2,34.5,True,4.5,0.94,1180.99,11347.1
P3374,cameras,Namangan,offline,2024,10,436.43,37,2,21.0,True,4.6,1.06,737.83,12067.29
P3375,cameras,Namangan,online,2024,11,399.28,51,3,29.9,True,4.0,1.0,961.74,13434.97
P3376,cameras,Namangan,offline,2024,12,404.35,45,2,3.3,False,4.1,1.07,557.53,16813.28
P3377,cameras,Namangan,offline,2023,1,402.45,53,2,18.6,True,4.5,0.97,1510.66,16707.31
P3378,cameras,Namangan,online,2023,2,401.81,41,2,3.9,False,4.1,1.03,941.92,15059.44
P3379,cameras,Namangan,offline,2023,3,462.39,36,1,1.8,False,4.5,0.91,1209.99,17163.73
P3380,cameras,Namangan,both,2023,4,377.78,77,4,3.6,False,3.8,0.97,1561.26,26585.13
P3381,cameras,Namangan,offline,2023,5,456.58,39,2,4.4,False,4.6,0.9,572.53,17442.16
P3382,cameras,Namangan,both,2023,6,447.4,56,1,0.8,False,3.9,1.02,736.58,24410.14
P3383,cameras,Namangan,offline,2023,7,456.5,51,2,3.7,False,4.2,1.18,866.01,21540.87
P3384,cameras,Namangan,offline,2023,8,448.5,39,2,0.1,False,4.4,0.99,914.88,16577.91
P3385,cameras,Namangan,online,2023,9,434.89,46,3,3.8,False,4.2,0.88,1432.89,19428.83
P3386,cameras,Namangan,offline,2023,10,480.54,30,0,2.6,False,4.1,1.01,313.6,14041.38
P3387,cameras,Namangan,online,2023,11,419.72,42,1,2.4,False,4.2,0.88,919.81,18139.16
P3388,cameras,Namangan,offline,2023,12,449.59,41,1,2.8,False,,1.11,1003.33,17480.06
P3389,cameras,Namangan,online,2024,1,406.51,54,3,1.0,False,4.3,0.91,1285.19,22166.67
P3390,cameras,Namangan,both,2024,2,398.82,75,4,1.9,False,3.9,0.97,1325.9,27778.21
P3391,cameras,Namangan,both,2024,3,449.34,55,3,32.2,True,4.2,0.99,1343.42,15841.93
P3392,cameras,Namangan,offline,2024,4,387.23,50,3,3.2,False,4.2,,726.6,17617.42
P3393,cameras,Namangan,offline,2024,5,451.41,37,2,2.1,False,4.2,1.06,366.97,15467.56
P3394,cameras,Namangan,both,2024,6,358.64,69,4,23.0,True,4.5,1.05,898.94,17949.93
P3395,cameras,Namangan,offline,2024,7,423.22,28,1,1.4,False,3.8,1.14,703.99,11266.96
P3396,cameras,Namangan,online,2024,8,396.87,41,2,0.2,False,4.3,1.13,584.45,15446.97
P3397,cameras,Namangan,both,2024,9,396.81,68,1,1.1,False,4.2,0.89,556.53,28397.33
P3398,cameras,Namangan,online,2024,10,443.64,42,0,3.9,False,4.6,0.96,1377.67,17906.2
P3399,cameras,Namangan,online,2024,11,449.43,31,2,4.4,False,4.5,1.04,306.22,12460.0
P3400,cameras,Namangan,both,2024,12,389.13,58,4,0.7,False,4.1,1.12,800.52,20865.93
